unique_ids,v_gene,d_gene,j_gene,cdr3_length,mut_freqs,n_mutations,input_seqs,indel_reversed_seqs,naive_seq,indelfos,duplicates,v_per_gene_support,d_per_gene_support,j_per_gene_support,v_3p_del,d_5p_del,d_3p_del,j_5p_del,v_5p_del,j_3p_del,vd_insertion,dj_insertion,fv_insertion,jf_insertion,mutated_invariants,in_frames,stops,k_v,k_d,padlefts,padrights,all_matches,mut_freqs
SRR2229754.3800,IGHV1-1*01,IGHD1-1*01,IGHJ1-1*01,367,0.0024752475247524753,1,AGGTCCAACTGTAGTAGCCTGGGGCTGAGCTTGTGAAGCCTGGGGCTTCAGTGAAGCTGTCCTGCAAGGCTTCTGGCTACACCTTCACCAGCTACTGGATGCACTGGGTGAAGCAGAGGCCTGGACGAGGCCTTGAGTGGATTGGAAGGATTGATCCTAATAGTGGTGGTACTAAGTACAATGAGAAGTTCAAGAGCAAGGCCACACTGACTGTAGACAAACCCTCCAGCACAGCCTACATGCAGCTCAGCAGCCTGACATCTGAGGACTCTGCGGTCTATTATTGCGCAAGATACGATTACTACGGTAGTAGCTACTTTGACTACTGGGGCCAAGGCACCACTCTCACAGTCTCCTCAGGTGAGTCCTTACACCCTCTCTCTTAAAAAAAAAAGGGGGGGGGG,,AGGTCCAACTGTAGTAGCCTGGGGCTGAGCTTGTGAAGCCTGGGGCTTCAGTGAAGCTGTCCTGCAAGGCTTCTGGCTACACCTTCACCAGCTACTGGATGCACTGGGTGAAGCAGAGGCCTGGACGAGGCCTTGAGTGGATTGGAAGGATTGATCCTAATAGTGGTGGTACTAAGTACAATGAGAAGTTCAAGAGCAAGGCCACACTGACTGTAGACAAACCCTCCAGCACAGCCTACATGCAGCTCAGCAGCCTGACATCTGAGGACTCTGCGGTCTATTATTGCGCAAGATACGATTACTACGGTAGTAGCTACTTTGACTACTGGGGCCAAGGCACCACTCTCACAGTCTCCTCAGGTGAGTCCTTACAACCTCTCTCTTAAAAAAAAAAGGGGGGGGGG,[[]],,,,,0,0,0,0,0,0,,,,,True,False,True,"{'max': 385, 'best': 384, 'min': 384}","{'max': 11, 'best': 10, 'min': 10}",,,"{'j': ['IGHJ1-1*01'], 'd': ['IGHD1-1*01'], 'v': ['IGHV1-1*01']}",0.0024752475247524753
SRR2229754.2409,IGHV1-1*01,IGHD1-1*01,IGHJ1-1*01,367,0.0024752475247524753,1,AGGTCCAACTGTAGTAGCCTGGGGCTGAGCTTGTGAAGCCTGGGGCTTCAGTGAAGCTGTCCTGCAAGGCTTCTGGCTACACCTTCACCAGCTACTGGATGCACTGGGTGAAGCAGAGGCCTGGACGAGGCCTTGAGTGGATTGGAAGGATTGATCCTAATAGTGGTGGTACTAAGTACAATGAGAAGTTCAAGAGCAAGGCCACACTGACTGTAGACAAACCCTCCAGCACAGCCTACATGCAGCTCAGCAGCCTGACATCTGAGGACTCTGCGGTCTATTATTGTGCAAGATACGATTACTACGGTAGTAGCTACTTTGACTACTGGGGCCAAGGCACCACTCTCACAGTCTCCTCAGGTGAGTCCTTACAACCTCTCTCTTAAAAAAAAAAGGGGGGGGGG,,AGGTCCAACTGTAGTAGCCTGGGGCTGAGCTTGTGAAGCCTGGGGCTTCAGTGAAGCTGTCCTGCAAGGCTTCTGGCTACACCTTCACCAGCTACTGGATGCACTGGGTGAAGCAGAGGCCTGGACGAGGCCTTGAGTGGATTGGAAGGATTGATCCTAATAGTGGTGGTACTAAGTACAATGAGAAGTTCAAGAGCAAGGCCACACTGACTGTAGACAAACCCTCCAGCACAGCCTACATGCAGCTCAGCAGCCTGACATCTGAGGACTCTGCGGTCTATTATTGCGCAAGATACGATTACTACGGTAGTAGCTACTTTGACTACTGGGGCCAAGGCACCACTCTCACAGTCTCCTCAGGTGAGTCCTTACAACCTCTCTCTTAAAAAAAAAAGGGGGGGGGG,[[]],,,,,0,0,0,0,0,0,,,,,True,False,True,"{'max': 385, 'best': 384, 'min': 384}","{'max': 11, 'best': 10, 'min': 10}",,,"{'j': ['IGHJ1-1*01'], 'd': ['IGHD1-1*01'], 'v': ['IGHV1-1*01']}",0.0024752475247524753
SRR2229754.999,IGHV1-1*01,IGHD1-1*01,IGHJ1-1*01,367,0.0,0,AGGTCCAACTGTAGTAGCCTGGGGCTGAGCTTGTGAAGCCTGGGGCTTCAGTGAAGCTGTCCTGCAAGGCTTCTGGCTACACCTTCACCAGCTACTGGATGCACTGGGTGAAGCAGAGGCCTGGACGAGGCCTTGAGTGGATTGGAAGGATTGATCCTAATAGTGGTGGTACTAAGTACAATGAGAAGTTCAAGAGCAAGGCCACACTGACTGTAGACAAACCCTCCAGCACAGCCTACATGCAGCTCAGCAGCCTGACATCTGAGGACTCTGCGGTCTATTATTGCGCAAGATACGATTACTACGGTAGTAGCTACTTTGACTACTGGGGCCAAGGCACCACTCTCACAGTCTCCTCAGGTGAGTCCCTTACAACCTCTCTCTTAAAAAAAAAAGGGGGGGGGG,AGGTCCAACTGTAGTAGCCTGGGGCTGAGCTTGTGAAGCCTGGGGCTTCAGTGAAGCTGTCCTGCAAGGCTTCTGGCTACACCTTCACCAGCTACTGGATGCACTGGGTGAAGCAGAGGCCTGGACGAGGCCTTGAGTGGATTGGAAGGATTGATCCTAATAGTGGTGGTACTAAGTACAATGAGAAGTTCAAGAGCAAGGCCACACTGACTGTAGACAAACCCTCCAGCACAGCCTACATGCAGCTCAGCAGCCTGACATCTGAGGACTCTGCGGTCTATTATTGCGCAAGATACGATTACTACGGTAGTAGCTACTTTGACTACTGGGGCCAAGGCACCACTCTCACAGTCTCCTCAGGTGAGTCCTTACAACCTCTCTCTTAAAAAAAAAAGGGGGGGGGG,AGGTCCAACTGTAGTAGCCTGGGGCTGAGCTTGTGAAGCCTGGGGCTTCAGTGAAGCTGTCCTGCAAGGCTTCTGGCTACACCTTCACCAGCTACTGGATGCACTGGGTGAAGCAGAGGCCTGGACGAGGCCTTGAGTGGATTGGAAGGATTGATCCTAATAGTGGTGGTACTAAGTACAATGAGAAGTTCAAGAGCAAGGCCACACTGACTGTAGACAAACCCTCCAGCACAGCCTACATGCAGCTCAGCAGCCTGACATCTGAGGACTCTGCGGTCTATTATTGCGCAAGATACGATTACTACGGTAGTAGCTACTTTGACTACTGGGGCCAAGGCACCACTCTCACAGTCTCCTCAGGTGAGTCCTTACAACCTCTCTCTTAAAAAAAAAAGGGGGGGGGG,"[[{'seqstr': 'C', 'type': 'insertion', 'pos': 366, 'len': 1}]]",,,,,0,0,0,0,0,0,,,,,True,False,True,"{'max': 385, 'best': 384, 'min': 384}","{'max': 11, 'best': 10, 'min': 10}",,,"{'j': ['IGHJ1-1*01'], 'd': ['IGHD1-1*01'], 'v': ['IGHV1-1*01']}",0.0
SRR2229754.2392,IGHV1-1*01,IGHD1-1*01,IGHJ1-1*01,367,0.0024752475247524753,1,AGGTCCAACTGTAGTAGCCTGGGGCTGAGCTTGTGAAGCCTGGGGCTTCAGTGAAGCTGTCCTGCAAGGCTTCTGGCTACACCTTCACCAGCTACTGGATGCACTGGGTGAAGCAGAGGCCTGGACGAGGCCTTGAGTGGATTGGAAGGATTGATCCTAATAGTGGTGGTACTAAGTACAATGAGAAGTTCAAGAGCAAGGCCACCCTGACTGTAGACAAACCCTCCAGCACAGCCTACATGCAGCTCAGCAGCCTGACATCTGAGGACTCTGCGGTCTATTATTGCGCAAGATACGATTACTACGGTAGTAGCTACTTTGACTACTGGGGCCAAGGCACCACTCTCACAGTCTCCTCAGGTGAGTCCTTACAACCTCTCTCTTAAAAAAAAAAGGGGGGGGGG,,AGGTCCAACTGTAGTAGCCTGGGGCTGAGCTTGTGAAGCCTGGGGCTTCAGTGAAGCTGTCCTGCAAGGCTTCTGGCTACACCTTCACCAGCTACTGGATGCACTGGGTGAAGCAGAGGCCTGGACGAGGCCTTGAGTGGATTGGAAGGATTGATCCTAATAGTGGTGGTACTAAGTACAATGAGAAGTTCAAGAGCAAGGCCACACTGACTGTAGACAAACCCTCCAGCACAGCCTACATGCAGCTCAGCAGCCTGACATCTGAGGACTCTGCGGTCTATTATTGCGCAAGATACGATTACTACGGTAGTAGCTACTTTGACTACTGGGGCCAAGGCACCACTCTCACAGTCTCCTCAGGTGAGTCCTTACAACCTCTCTCTTAAAAAAAAAAGGGGGGGGGG,[[]],,,,,0,0,0,0,0,0,,,,,True,False,True,"{'max': 385, 'best': 384, 'min': 384}","{'max': 11, 'best': 10, 'min': 10}",,,"{'j': ['IGHJ1-1*01'], 'd': ['IGHD1-1*01'], 'v': ['IGHV1-1*01']}",0.0024752475247524753
SRR2229754.3718,IGHV1-1*01,IGHD1-1*01,IGHJ1-1*01,367,0.0024752475247524753,1,AGGTCCAACTGTAGTAGCCTGGGGCTGAGCTTGTGAAGCCTGGGGCTTCAGTGAAGCTGTCCTGCAAGGCTTCTGGCTACACCTTCACCAGCTACTGGATGCACTGGGTGAAGCAGAGGCCTGGACGAGGCCTTGAGTGGATTGGAAGGATTGATCCTAATAGTGGTGGTACTAAGTACAATGAGAAGTTCAAGAGCAAGGCCACACTGACTGTAGACAAACCCTCCAGCACAGCCTACATGCAGCTCAGCAGCCTGACATCTGAGGACTCTGCGGTCTATTATTGCGCAAGATACGATTACTACGGTAGTAGCTACTTTGACTACTGGGGCCAAGGCACCACTCTCACAGTCTCCTCAGGTGAGTCCTTACAACCTCTCTCATAAAAAAAAAAGGGGGGGGGG,,AGGTCCAACTGTAGTAGCCTGGGGCTGAGCTTGTGAAGCCTGGGGCTTCAGTGAAGCTGTCCTGCAAGGCTTCTGGCTACACCTTCACCAGCTACTGGATGCACTGGGTGAAGCAGAGGCCTGGACGAGGCCTTGAGTGGATTGGAAGGATTGATCCTAATAGTGGTGGTACTAAGTACAATGAGAAGTTCAAGAGCAAGGCCACACTGACTGTAGACAAACCCTCCAGCACAGCCTACATGCAGCTCAGCAGCCTGACATCTGAGGACTCTGCGGTCTATTATTGCGCAAGATACGATTACTACGGTAGTAGCTACTTTGACTACTGGGGCCAAGGCACCACTCTCACAGTCTCCTCAGGTGAGTCCTTACAACCTCTCTCTTAAAAAAAAAAGGGGGGGGGG,[[]],,,,,0,0,0,0,0,0,,,,,True,False,True,"{'max': 385, 'best': 384, 'min': 382}","{'max': 13, 'best': 10, 'min': 10}",,,"{'j': ['IGHJ1-1*01'], 'd': ['IGHD1-1*01'], 'v': ['IGHV1-1*01']}",0.0024752475247524753
SRR2229754.1260,IGHV1-1*01,IGHD1-1*01,IGHJ1-1*01,367,0.0024752475247524753,1,AGGTCCAACTGTAGTAGCCTGGGGCTGAGCTTGTGAAGCCTGGGGCTTCAGTGAAGCTGTCCTGCAAGGCTTCTGGCTACACCTTCACCAGCTACTGGATGCACTGGGTGAAGCAGAGGCCTGGACGAGGCCTTGAGTGGATTGGAAGGATTGATCCTAATAGTGGTGGTACTAAGTACAATGAGAAGTTCAAGAGCAAGGCCACACTGACTGTAGACAAACCCTCCAGCACAGCCTACATGCAGCTCAGCAGCCTGACATCTGAGGACTCTGCGGTCTATTATTGCGCAAGATACGATTACTCCGGTAGTAGCTACTTTGACTACTGGGGCCAAGGCACCACTCTCACAGTCTCCTCAGGTGAGTCCTTACAACCTCTCTCTTAAAAAAAAAAGGGGGGGGGG,,AGGTCCAACTGTAGTAGCCTGGGGCTGAGCTTGTGAAGCCTGGGGCTTCAGTGAAGCTGTCCTGCAAGGCTTCTGGCTACACCTTCACCAGCTACTGGATGCACTGGGTGAAGCAGAGGCCTGGACGAGGCCTTGAGTGGATTGGAAGGATTGATCCTAATAGTGGTGGTACTAAGTACAATGAGAAGTTCAAGAGCAAGGCCACACTGACTGTAGACAAACCCTCCAGCACAGCCTACATGCAGCTCAGCAGCCTGACATCTGAGGACTCTGCGGTCTATTATTGCGCAAGATACGATTACTACGGTAGTAGCTACTTTGACTACTGGGGCCAAGGCACCACTCTCACAGTCTCCTCAGGTGAGTCCTTACAACCTCTCTCTTAAAAAAAAAAGGGGGGGGGG,[[]],,,,,0,0,0,0,0,0,,,,,True,False,True,"{'max': 385, 'best': 384, 'min': 384}","{'max': 11, 'best': 10, 'min': 10}",,,"{'j': ['IGHJ1-1*01'], 'd': ['IGHD1-1*01'], 'v': ['IGHV1-1*01']}",0.0024752475247524753
SRR2229754.2330,IGHV1-1*01,IGHD1-1*01,IGHJ1-1*01,367,0.0024752475247524753,1,AGGTCCAACTGTAGTAGCCTGGGGCTGAGCTTGTGAAGCCTGGGGCTTCAGTGAAGCTGTCCTGCAAGGCTTCTGGCTACACCTTCACCAGCTACTGGATGCACTGGGTGAAGCAGAGGCCTGGACGAGGCCTTGAGTGGATTGGAAGGATTGATCCTAATAGTGGTGGTACTAAGTACAATGAGAAGTTCAAGAGCAAGGCCACACTGACTGTAGACAAACCCTCCAGCACAGCCTACATGCAGCTCAGCAGCCTGACATCTGAGGACTCTGCGGTCTATTATTGCGCAAGATACGATTACTACGGTAGTAGTTACTTTGACTACTGGGGCCAAGGCACCACTCTCACAGTCTCCTCAGGTGAGTCCTTACAACCTCTCTCTTAAAAAAAAAAGGGGGGGGGG,,AGGTCCAACTGTAGTAGCCTGGGGCTGAGCTTGTGAAGCCTGGGGCTTCAGTGAAGCTGTCCTGCAAGGCTTCTGGCTACACCTTCACCAGCTACTGGATGCACTGGGTGAAGCAGAGGCCTGGACGAGGCCTTGAGTGGATTGGAAGGATTGATCCTAATAGTGGTGGTACTAAGTACAATGAGAAGTTCAAGAGCAAGGCCACACTGACTGTAGACAAACCCTCCAGCACAGCCTACATGCAGCTCAGCAGCCTGACATCTGAGGACTCTGCGGTCTATTATTGCGCAAGATACGATTACTACGGTAGTAGCTACTTTGACTACTGGGGCCAAGGCACCACTCTCACAGTCTCCTCAGGTGAGTCCTTACAACCTCTCTCTTAAAAAAAAAAGGGGGGGGGG,[[]],,,,,0,0,0,0,0,0,,,,,True,False,True,"{'max': 385, 'best': 384, 'min': 384}","{'max': 11, 'best': 10, 'min': 10}",,,"{'j': ['IGHJ1-1*01'], 'd': ['IGHD1-1*01'], 'v': ['IGHV1-1*01']}",0.0024752475247524753
SRR2229754.1584,IGHV1-1*01,IGHD1-1*01,IGHJ1-1*01,367,0.0024752475247524753,1,AGGTCCAACTGTAGTAGCCTGGGGCTGAGCTTGTGAAGCCTGGGGCTTCAGTGAAGCTGTCCTGCAAGGCTTCTGGCTACACCTTCACCAGCTACTGGATGCACTGGGTGAAGCAGAGGCCTGGACGAGGCCTTGAGTGGATTGGAAGGATTGATCCTAATAGTGGTGGTACTAAGTACAATGAGAAGTTCAAGAGCAAGGCCACACTGACTGTAGACAAACCCTCCAGCACAGCCTACATGCAGCTCAGCAGCCTGACATCTGAGGACTCTGCGGTCTATTATTGCGCAAGATACGATTACTACGGTAGTAGCTACTTTGACTACTGGGGCCAAGTCACCACTCTCACAGTCTCCTCAGGTGAGTCCTTACAACCTCTCTCTTAAAAAAAAAAGGGGGGGGGG,,AGGTCCAACTGTAGTAGCCTGGGGCTGAGCTTGTGAAGCCTGGGGCTTCAGTGAAGCTGTCCTGCAAGGCTTCTGGCTACACCTTCACCAGCTACTGGATGCACTGGGTGAAGCAGAGGCCTGGACGAGGCCTTGAGTGGATTGGAAGGATTGATCCTAATAGTGGTGGTACTAAGTACAATGAGAAGTTCAAGAGCAAGGCCACACTGACTGTAGACAAACCCTCCAGCACAGCCTACATGCAGCTCAGCAGCCTGACATCTGAGGACTCTGCGGTCTATTATTGCGCAAGATACGATTACTACGGTAGTAGCTACTTTGACTACTGGGGCCAAGGCACCACTCTCACAGTCTCCTCAGGTGAGTCCTTACAACCTCTCTCTTAAAAAAAAAAGGGGGGGGGG,[[]],,,,,0,0,0,0,0,0,,,,,True,False,True,"{'max': 385, 'best': 384, 'min': 384}","{'max': 11, 'best': 10, 'min': 10}",,,"{'j': ['IGHJ1-1*01'], 'd': ['IGHD1-1*01'], 'v': ['IGHV1-1*01']}",0.0024752475247524753
SRR2229754.957,IGHV1-1*01,IGHD1-1*01,IGHJ1-1*01,367,0.0024752475247524753,1,AGGTCCAACTGTAGTAGCCTGGGGCTGAGCTTGTGAAGCCTGGGGCTTCAGTGAAGCTGTCCTGCAAGGCTTCTGGCTACACCTTCACCAGCTACTGGATGCACTGGGTGAAGCAGAGGCCTGGACGAGGCCTTGAGTGGATTGGAAGGATTGATCCTAATAGTGGTGGTACTAAGTACAATGAGAAGTTCAAGAGCAAGGCCACACTGACTGTAGACAAACCCTCCAGCACAGCCTACATGCAGCTCAGCAGCCTGACATCTGAGGACTCTGCGGTCTATTATTGCGCAAGATACGATTACTACGGTAGTAGCTACTTTGACTACTGGGGCCAAGGCACCACTCTCACAGTCTCCTCAGGTGAGTCCTTATAACCTCTCTCTTAAAAAAAAAAGGGGGGGGGG,,AGGTCCAACTGTAGTAGCCTGGGGCTGAGCTTGTGAAGCCTGGGGCTTCAGTGAAGCTGTCCTGCAAGGCTTCTGGCTACACCTTCACCAGCTACTGGATGCACTGGGTGAAGCAGAGGCCTGGACGAGGCCTTGAGTGGATTGGAAGGATTGATCCTAATAGTGGTGGTACTAAGTACAATGAGAAGTTCAAGAGCAAGGCCACACTGACTGTAGACAAACCCTCCAGCACAGCCTACATGCAGCTCAGCAGCCTGACATCTGAGGACTCTGCGGTCTATTATTGCGCAAGATACGATTACTACGGTAGTAGCTACTTTGACTACTGGGGCCAAGGCACCACTCTCACAGTCTCCTCAGGTGAGTCCTTACAACCTCTCTCTTAAAAAAAAAAGGGGGGGGGG,[[]],,,,,0,0,0,0,0,0,,,,,True,False,True,"{'max': 385, 'best': 384, 'min': 384}","{'max': 11, 'best': 10, 'min': 10}",,,"{'j': ['IGHJ1-1*01'], 'd': ['IGHD1-1*01'], 'v': ['IGHV1-1*01']}",0.0024752475247524753
SRR2229754.1283,IGHV1-1*01,IGHD1-1*01,IGHJ1-1*01,367,0.0024752475247524753,1,AGGTCCAACTGTAGTAGCCTGGGGCTGAGCTTGTGAAGCCTGGGGCTTCAGTGAAGCTGTCCTGCAAGGCTTCTGGCTACACCTTCACCAGCTACTGGATGCACTGGGTGAAGCAGAGGCCTGGACGAGGCCTTGAGTGGATTGGAAGGATTGATCCTAATAGTGGTGGTACTAAGTACAATGAGAAGTTCAAGAGCAAGGCCACACTGACTGTAGACAAACCCTCCAGCACAGCCTACATGCAGCTCAGCAGCCTGACATCTGAGGACTCTACGGTCTATTATTGCGCAAGATACGATTACTACGGTAGTAGCTACTTTGACTACTGGGGCCAAGGCACCACTCTCACAGTCTCCTCAGGTGAGTCCTTACAACCTCTCTCTTAAAAAAAAAAGGGGGGGGGG,,AGGTCCAACTGTAGTAGCCTGGGGCTGAGCTTGTGAAGCCTGGGGCTTCAGTGAAGCTGTCCTGCAAGGCTTCTGGCTACACCTTCACCAGCTACTGGATGCACTGGGTGAAGCAGAGGCCTGGACGAGGCCTTGAGTGGATTGGAAGGATTGATCCTAATAGTGGTGGTACTAAGTACAATGAGAAGTTCAAGAGCAAGGCCACACTGACTGTAGACAAACCCTCCAGCACAGCCTACATGCAGCTCAGCAGCCTGACATCTGAGGACTCTGCGGTCTATTATTGCGCAAGATACGATTACTACGGTAGTAGCTACTTTGACTACTGGGGCCAAGGCACCACTCTCACAGTCTCCTCAGGTGAGTCCTTACAACCTCTCTCTTAAAAAAAAAAGGGGGGGGGG,[[]],,,,,0,0,0,0,0,0,,,,,True,False,True,"{'max': 385, 'best': 384, 'min': 384}","{'max': 11, 'best': 10, 'min': 10}",,,"{'j': ['IGHJ1-1*01'], 'd': ['IGHD1-1*01'], 'v': ['IGHV1-1*01']}",0.0024752475247524753
SRR2229754.1560,IGHV1-1*01,IGHD1-1*01,IGHJ1-1*01,367,0.0024752475247524753,1,AGGTCCAACTGTAGTAGCCTGGGGCTGAGCTTGTGAAGCCTGGGGCTTCAGTGAAGCTGTCCTGCAAGGCTTCTGGCTACACCTTCACCAGCTACTGGATGCACTGGGTGAAGCAGAGGCCTGGACGAGGCCTTGAGTGGATTGGAAGGATTGATCCTAATAGTGGTGGTACTAAGTACAATGAGAAGTTCAAGAGCAAGGCCACACTGACTGTAGACAAACCCTCCAGCACAGCCTACATGCAGCTCAGCAGCCTGACATCTGAGGACTCTGCGGTCTATTATTGCGCATGATACGATTACTACGGTAGTAGCTACTTTGACTACTGGGGCCAAGGCACCACTCTCACAGTCTCCTCAGGTGAGTCCTTACAACCTCTCTCTTAAAAAAAAAAGGGGGGGGGG,,AGGTCCAACTGTAGTAGCCTGGGGCTGAGCTTGTGAAGCCTGGGGCTTCAGTGAAGCTGTCCTGCAAGGCTTCTGGCTACACCTTCACCAGCTACTGGATGCACTGGGTGAAGCAGAGGCCTGGACGAGGCCTTGAGTGGATTGGAAGGATTGATCCTAATAGTGGTGGTACTAAGTACAATGAGAAGTTCAAGAGCAAGGCCACACTGACTGTAGACAAACCCTCCAGCACAGCCTACATGCAGCTCAGCAGCCTGACATCTGAGGACTCTGCGGTCTATTATTGCGCAAGATACGATTACTACGGTAGTAGCTACTTTGACTACTGGGGCCAAGGCACCACTCTCACAGTCTCCTCAGGTGAGTCCTTACAACCTCTCTCTTAAAAAAAAAAGGGGGGGGGG,[[]],,,,,0,0,0,0,0,0,,,,,True,False,True,"{'max': 385, 'best': 384, 'min': 384}","{'max': 11, 'best': 10, 'min': 10}",,,"{'j': ['IGHJ1-1*01'], 'd': ['IGHD1-1*01'], 'v': ['IGHV1-1*01']}",0.0024752475247524753
SRR2229754.588,IGHV1-1*01,IGHD1-1*01,IGHJ1-1*01,367,0.0024752475247524753,1,AGGTCCAACTGTAGTAGCCTGGGGCTGAGCTTGTGAAGCCTGGGGCTTCAGTGAAGCTGTCCTGCAAGGCTTCTGGCTACACCTTCACCAGCTACTGGATGCACTGGGTGAAGCAGAGGCCTGGACGAGGCCTTGAGTGGATTGGAAGGATTGATCCTAATAGTGGTGGTACTAAGTACAATGAGAAGTTCAAGAGCAAGGCCACACTGACTGTAGACAAACCCTCCAGCACAGCCTACATGCATCTCAGCAGCCTGACATCTGAGGACTCTGCGGTCTATTATTGCGCAAGATACGATTACTACGGTAGTAGCTACTTTGACTACTGGGGCCAAGGCACCACTCTCACAGTCTCCTCAGGTGAGTCCTTACAACCTCTCTCTTAAAAAAAAAAGGGGGGGGGG,,AGGTCCAACTGTAGTAGCCTGGGGCTGAGCTTGTGAAGCCTGGGGCTTCAGTGAAGCTGTCCTGCAAGGCTTCTGGCTACACCTTCACCAGCTACTGGATGCACTGGGTGAAGCAGAGGCCTGGACGAGGCCTTGAGTGGATTGGAAGGATTGATCCTAATAGTGGTGGTACTAAGTACAATGAGAAGTTCAAGAGCAAGGCCACACTGACTGTAGACAAACCCTCCAGCACAGCCTACATGCAGCTCAGCAGCCTGACATCTGAGGACTCTGCGGTCTATTATTGCGCAAGATACGATTACTACGGTAGTAGCTACTTTGACTACTGGGGCCAAGGCACCACTCTCACAGTCTCCTCAGGTGAGTCCTTACAACCTCTCTCTTAAAAAAAAAAGGGGGGGGGG,[[]],,,,,0,0,0,0,0,0,,,,,True,False,True,"{'max': 385, 'best': 384, 'min': 384}","{'max': 11, 'best': 10, 'min': 10}",,,"{'j': ['IGHJ1-1*01'], 'd': ['IGHD1-1*01'], 'v': ['IGHV1-1*01']}",0.0024752475247524753
SRR2229754.801,IGHV1-1*01,IGHD1-1*01,IGHJ1-1*01,367,0.0024752475247524753,1,AGGTCCAACTGTAGTAGCCTGGGGCTGAGCTTGTGAAGCCTGGGGCTTCAGTGAAGCTGTCCTGCAAGGCTTCTGGCTACACCTTCACCAGCTACTGGATGCACTGGGTGAAGCAGAGGCCTGGACGAGGCCTTGAGTGGATTGGAAGGATTGATCCTAATAGTGGTGGTACTAAGTACAATAAGAAGTTCAAGAGCAAGGCCACACTGACTGTAGACAAACCCTCCAGCACAGCCTACATGCAGCTCAGCAGCCTGACATCTGAGGACTCTGCGGTCTATTATTGCGCAAGATACGATTACTACGGTAGTAGCTACTTTGACTACTGGGGCCAAGGCACCACTCTCACAGTCTCCTCAGGTGAGTCCTTACAACCTCTCTCTTAAAAAAAAAAGGGGGGGGGG,,AGGTCCAACTGTAGTAGCCTGGGGCTGAGCTTGTGAAGCCTGGGGCTTCAGTGAAGCTGTCCTGCAAGGCTTCTGGCTACACCTTCACCAGCTACTGGATGCACTGGGTGAAGCAGAGGCCTGGACGAGGCCTTGAGTGGATTGGAAGGATTGATCCTAATAGTGGTGGTACTAAGTACAATGAGAAGTTCAAGAGCAAGGCCACACTGACTGTAGACAAACCCTCCAGCACAGCCTACATGCAGCTCAGCAGCCTGACATCTGAGGACTCTGCGGTCTATTATTGCGCAAGATACGATTACTACGGTAGTAGCTACTTTGACTACTGGGGCCAAGGCACCACTCTCACAGTCTCCTCAGGTGAGTCCTTACAACCTCTCTCTTAAAAAAAAAAGGGGGGGGGG,[[]],,,,,0,0,0,0,0,0,,,,,True,False,True,"{'max': 385, 'best': 384, 'min': 384}","{'max': 11, 'best': 10, 'min': 10}",,,"{'j': ['IGHJ1-1*01'], 'd': ['IGHD1-1*01'], 'v': ['IGHV1-1*01']}",0.0024752475247524753
SRR2229754.228,IGHV1-1*01,IGHD1-1*01,IGHJ1-1*01,367,0.0024752475247524753,1,AGGTCCAACTGTAGTAGCCTGGGGCTGAGCTTGTGAAGCCTGGGGCTTCAGTGAAGCTGTCCTGCAAGGCTTCTGGCTACACCTTCACCAGCTACTGGATGCACTGGGTGAAGCAGAGGCCTGGACGAGGCCTTGAGTGGATTGGAAGGATTGATCCTAATAGTGGTGGTACTAAGTACAATGAGAAGTTCAAGAGCAAGGCCACACTGACTGTAGACAAACCCTCCAGCACAGCCTACATGCAGCTCAGCAGCCTGCCATCTGAGGACTCTGCGGTCTATTATTGCGCAAGATACGATTACTACGGTAGTAGCTACTTTGACTACTGGGGCCAAGGCACCACTCTCACAGTCTCCTCAGGTGAGTCCTTACAACCTCTCTCTTAAAAAAAAAAGGGGGGGGGG,,AGGTCCAACTGTAGTAGCCTGGGGCTGAGCTTGTGAAGCCTGGGGCTTCAGTGAAGCTGTCCTGCAAGGCTTCTGGCTACACCTTCACCAGCTACTGGATGCACTGGGTGAAGCAGAGGCCTGGACGAGGCCTTGAGTGGATTGGAAGGATTGATCCTAATAGTGGTGGTACTAAGTACAATGAGAAGTTCAAGAGCAAGGCCACACTGACTGTAGACAAACCCTCCAGCACAGCCTACATGCAGCTCAGCAGCCTGACATCTGAGGACTCTGCGGTCTATTATTGCGCAAGATACGATTACTACGGTAGTAGCTACTTTGACTACTGGGGCCAAGGCACCACTCTCACAGTCTCCTCAGGTGAGTCCTTACAACCTCTCTCTTAAAAAAAAAAGGGGGGGGGG,[[]],,,,,0,0,0,0,0,0,,,,,True,False,True,"{'max': 385, 'best': 384, 'min': 384}","{'max': 11, 'best': 10, 'min': 10}",,,"{'j': ['IGHJ1-1*01'], 'd': ['IGHD1-1*01'], 'v': ['IGHV1-1*01']}",0.0024752475247524753
SRR2229754.1495,IGHV1-1*01,IGHD1-1*01,IGHJ1-1*01,367,0.0,0,AGGTCCAACTGTAGTAGCCTGGGGCTGAGCTTGTGAAGCCTGGGCTTCAGTGAAGCTGTCCTGCAAGGCTTCTGGCTACACCTTCACCAGCTACTGGATGCACTGGGTGAAGCAGAGGCCTGGACGAGGCCTTGAGTGGATTGGAAGGATTGATCCTAATAGTGGTGGTACTAAGTACAATGAGAAGTTCAAGAGCAAGGCCACACTGACTGTAGACAAACCCTCCAGCACAGCCTACATGCAGCTCAGCAGCCTGACATCTGAGGACTCTGCGGTCTATTATTGCGCAAGATACGATTACTACGGTAGTAGCTACTTTGACTACTGGGGCCAAGGCACCACTCTCACAGTCTCCTCAGGTGAGTCCTTACAACCTCTCTCTTAAAAAAAAAAGGGGGGGGGG,AGGTCCAACTGTAGTAGCCTGGGGCTGAGCTTGTGAAGCCTGGGGCTTCAGTGAAGCTGTCCTGCAAGGCTTCTGGCTACACCTTCACCAGCTACTGGATGCACTGGGTGAAGCAGAGGCCTGGACGAGGCCTTGAGTGGATTGGAAGGATTGATCCTAATAGTGGTGGTACTAAGTACAATGAGAAGTTCAAGAGCAAGGCCACACTGACTGTAGACAAACCCTCCAGCACAGCCTACATGCAGCTCAGCAGCCTGACATCTGAGGACTCTGCGGTCTATTATTGCGCAAGATACGATTACTACGGTAGTAGCTACTTTGACTACTGGGGCCAAGGCACCACTCTCACAGTCTCCTCAGGTGAGTCCTTACAACCTCTCTCTTAAAAAAAAAAGGGGGGGGGG,AGGTCCAACTGTAGTAGCCTGGGGCTGAGCTTGTGAAGCCTGGGGCTTCAGTGAAGCTGTCCTGCAAGGCTTCTGGCTACACCTTCACCAGCTACTGGATGCACTGGGTGAAGCAGAGGCCTGGACGAGGCCTTGAGTGGATTGGAAGGATTGATCCTAATAGTGGTGGTACTAAGTACAATGAGAAGTTCAAGAGCAAGGCCACACTGACTGTAGACAAACCCTCCAGCACAGCCTACATGCAGCTCAGCAGCCTGACATCTGAGGACTCTGCGGTCTATTATTGCGCAAGATACGATTACTACGGTAGTAGCTACTTTGACTACTGGGGCCAAGGCACCACTCTCACAGTCTCCTCAGGTGAGTCCTTACAACCTCTCTCTTAAAAAAAAAAGGGGGGGGGG,"[[{'seqstr': 'G', 'type': 'deletion', 'pos': 41, 'len': 1}]]",,,,,0,0,0,0,0,0,,,,,True,False,True,"{'max': 385, 'best': 384, 'min': 384}","{'max': 11, 'best': 10, 'min': 10}",,,"{'j': ['IGHJ1-1*01'], 'd': ['IGHD1-1*01'], 'v': ['IGHV1-1*01']}",0.0
SRR2229754.3354,IGHV1-1*01,IGHD1-1*01,IGHJ1-1*01,367,0.0024752475247524753,1,AGGTCCAACTGTAGTAGCCTGGGGCTGAGCTTGTGAAGCCTGGGGCTTCAGTGAAGCTGTCCTGCAAGGCTTCTGGCTACACCTTCACCAGCTACTGGATGCACTGGGTGAAGCAGAGGCCTGGACGAGGCCTTGAGTGGATTGGAAGGATTGATCCTAATAGTGGTGGTACTAAGTACAATGAGAAGTTCAAGAGCAAGGCCACACTGACTGTAGACAAACCCTCCAGCACAGCCTACATGCAGCTCAGCAGCCTGACATCTGATGACTCTGCGGTCTATTATTGCGCAAGATACGATTACTACGGTAGTAGCTACTTTGACTACTGGGGCCAAGGCACCACTCTCACAGTCTCCTCAGGTGAGTCCTTACAACCTCTCTCTTAAAAAAAAAAGGGGGGGGGG,,AGGTCCAACTGTAGTAGCCTGGGGCTGAGCTTGTGAAGCCTGGGGCTTCAGTGAAGCTGTCCTGCAAGGCTTCTGGCTACACCTTCACCAGCTACTGGATGCACTGGGTGAAGCAGAGGCCTGGACGAGGCCTTGAGTGGATTGGAAGGATTGATCCTAATAGTGGTGGTACTAAGTACAATGAGAAGTTCAAGAGCAAGGCCACACTGACTGTAGACAAACCCTCCAGCACAGCCTACATGCAGCTCAGCAGCCTGACATCTGAGGACTCTGCGGTCTATTATTGCGCAAGATACGATTACTACGGTAGTAGCTACTTTGACTACTGGGGCCAAGGCACCACTCTCACAGTCTCCTCAGGTGAGTCCTTACAACCTCTCTCTTAAAAAAAAAAGGGGGGGGGG,[[]],,,,,0,0,0,0,0,0,,,,,True,False,True,"{'max': 385, 'best': 384, 'min': 384}","{'max': 11, 'best': 10, 'min': 10}",,,"{'j': ['IGHJ1-1*01'], 'd': ['IGHD1-1*01'], 'v': ['IGHV1-1*01']}",0.0024752475247524753
SRR2229754.1039,IGHV1-1*01,IGHD1-1*01,IGHJ1-1*01,367,0.0024752475247524753,1,AGGTCCAACTGTAGTAGCCTGGGGCTGAGCTTGTGAAGCCTGGGGCTTCAGTGAAGCTGTCCTGCAAGGCTTCTGGCTACACCTTCACCAGCTACTGGATGCACTGGGTGAAGCAGAGGCCTGGCCGAGGCCTTGAGTGGATTGGAAGGATTGATCCTAATAGTGGTGGTACTAAGTACAATGAGAAGTTCAAGAGCAAGGCCACACTGACTGTAGACAAACCCTCCAGCACAGCCTACATGCAGCTCAGCAGCCTGACATCTGAGGACTCTGCGGTCTATTATTGCGCAAGATACGATTACTACGGTAGTAGCTACTTTGACTACTGGGGCCAAGGCACCACTCTCACAGTCTCCTCAGGTGAGTCCTTACAACCTCTCTCTTAAAAAAAAAAGGGGGGGGGG,,AGGTCCAACTGTAGTAGCCTGGGGCTGAGCTTGTGAAGCCTGGGGCTTCAGTGAAGCTGTCCTGCAAGGCTTCTGGCTACACCTTCACCAGCTACTGGATGCACTGGGTGAAGCAGAGGCCTGGACGAGGCCTTGAGTGGATTGGAAGGATTGATCCTAATAGTGGTGGTACTAAGTACAATGAGAAGTTCAAGAGCAAGGCCACACTGACTGTAGACAAACCCTCCAGCACAGCCTACATGCAGCTCAGCAGCCTGACATCTGAGGACTCTGCGGTCTATTATTGCGCAAGATACGATTACTACGGTAGTAGCTACTTTGACTACTGGGGCCAAGGCACCACTCTCACAGTCTCCTCAGGTGAGTCCTTACAACCTCTCTCTTAAAAAAAAAAGGGGGGGGGG,[[]],,,,,0,0,0,0,0,0,,,,,True,False,True,"{'max': 385, 'best': 384, 'min': 384}","{'max': 11, 'best': 10, 'min': 10}",,,"{'j': ['IGHJ1-1*01'], 'd': ['IGHD1-1*01'], 'v': ['IGHV1-1*01']}",0.0024752475247524753
SRR2229754.254,IGHV1-1*01,IGHD1-1*01,IGHJ1-1*01,367,0.0,0,AGGTCCAACTGTAGTAGCCTGGGGCTGAGCTTGTGAAGCCTGGGGCTTCAGTGAAGCTGTCCTGCAAGGCTTCTGGCTACACCTTCACCAGCTACTGGATGCACTGGGTGAAGCAGAGGCCTGGACGAGGCCTTGAGTGGATTGGAAGGATTGATCCTAATAGTGGTGGTACTAAGTACAATGAGAAGTTCAAGAGCAAGGCCACACTGACTGTAGACAAACCCTCCAGCACAGCCTACATGCAGCTCAGCAGCCTGACATCTGAGGACTCTGCGGTCTATTATTGCGCAAGATACGATTACTACGGTAGTAGCTACTTTGACTACTGGGGCCAAGGCACCACTCTCACAGTCTCCTCAGGTGAGTCCTTTACAACCTCTCTCTTAAAAAAAAAAGGGGGGGGGG,AGGTCCAACTGTAGTAGCCTGGGGCTGAGCTTGTGAAGCCTGGGGCTTCAGTGAAGCTGTCCTGCAAGGCTTCTGGCTACACCTTCACCAGCTACTGGATGCACTGGGTGAAGCAGAGGCCTGGACGAGGCCTTGAGTGGATTGGAAGGATTGATCCTAATAGTGGTGGTACTAAGTACAATGAGAAGTTCAAGAGCAAGGCCACACTGACTGTAGACAAACCCTCCAGCACAGCCTACATGCAGCTCAGCAGCCTGACATCTGAGGACTCTGCGGTCTATTATTGCGCAAGATACGATTACTACGGTAGTAGCTACTTTGACTACTGGGGCCAAGGCACCACTCTCACAGTCTCCTCAGGTGAGTCCTTACAACCTCTCTCTTAAAAAAAAAAGGGGGGGGGG,AGGTCCAACTGTAGTAGCCTGGGGCTGAGCTTGTGAAGCCTGGGGCTTCAGTGAAGCTGTCCTGCAAGGCTTCTGGCTACACCTTCACCAGCTACTGGATGCACTGGGTGAAGCAGAGGCCTGGACGAGGCCTTGAGTGGATTGGAAGGATTGATCCTAATAGTGGTGGTACTAAGTACAATGAGAAGTTCAAGAGCAAGGCCACACTGACTGTAGACAAACCCTCCAGCACAGCCTACATGCAGCTCAGCAGCCTGACATCTGAGGACTCTGCGGTCTATTATTGCGCAAGATACGATTACTACGGTAGTAGCTACTTTGACTACTGGGGCCAAGGCACCACTCTCACAGTCTCCTCAGGTGAGTCCTTACAACCTCTCTCTTAAAAAAAAAAGGGGGGGGGG,"[[{'seqstr': 'T', 'type': 'insertion', 'pos': 368, 'len': 1}]]",,,,,0,0,0,0,0,0,,,,,True,False,True,"{'max': 385, 'best': 384, 'min': 384}","{'max': 11, 'best': 10, 'min': 10}",,,"{'j': ['IGHJ1-1*01'], 'd': ['IGHD1-1*01'], 'v': ['IGHV1-1*01']}",0.0
SRR2229754.209,IGHV1-1*01,IGHD1-1*01,IGHJ1-1*01,367,0.0024752475247524753,1,AGGTCCAACTGTAGTAGCCTGGGGCTGAGCTTGTGAAGCCTGGGGCTTCAGTGAAGCTGTCCTGCAAGGCTTCTGGCTACACCTTCACCAGCTACTGGATGCACTGGGTGAAGCAGAGGCCTGGACGAGGCCTTGAGTGGATTGGAAGGATTGATCCTAATAGTGGTGGTACTAAGTACAATGAGAAGTTCAAGAGCAAGGCCACACTGACTGTAGACAAACCCGCCAGCACAGCCTACATGCAGCTCAGCAGCCTGACATCTGAGGACTCTGCGGTCTATTATTGCGCAAGATACGATTACTACGGTAGTAGCTACTTTGACTACTGGGGCCAAGGCACCACTCTCACAGTCTCCTCAGGTGAGTCCTTACAACCTCTCTCTTAAAAAAAAAAGGGGGGGGGG,,AGGTCCAACTGTAGTAGCCTGGGGCTGAGCTTGTGAAGCCTGGGGCTTCAGTGAAGCTGTCCTGCAAGGCTTCTGGCTACACCTTCACCAGCTACTGGATGCACTGGGTGAAGCAGAGGCCTGGACGAGGCCTTGAGTGGATTGGAAGGATTGATCCTAATAGTGGTGGTACTAAGTACAATGAGAAGTTCAAGAGCAAGGCCACACTGACTGTAGACAAACCCTCCAGCACAGCCTACATGCAGCTCAGCAGCCTGACATCTGAGGACTCTGCGGTCTATTATTGCGCAAGATACGATTACTACGGTAGTAGCTACTTTGACTACTGGGGCCAAGGCACCACTCTCACAGTCTCCTCAGGTGAGTCCTTACAACCTCTCTCTTAAAAAAAAAAGGGGGGGGGG,[[]],,,,,0,0,0,0,0,0,,,,,True,False,True,"{'max': 385, 'best': 384, 'min': 384}","{'max': 11, 'best': 10, 'min': 10}",,,"{'j': ['IGHJ1-1*01'], 'd': ['IGHD1-1*01'], 'v': ['IGHV1-1*01']}",0.0024752475247524753
SRR2229754.1822,IGHV1-1*01,IGHD1-1*01,IGHJ1-1*01,367,0.0024752475247524753,1,AGGTCCAACTGTAGTAGCCTGGGGCTGAGCTTGTGAAGCCTGGGGCTTCAGTGAAGCTGTCCTGCAAGGCTTCTGGCTACACCTTCACCAGCTACTGGATGCACTGGGTGAAGCAGAGGCCTGGACGAGGCCTTGAGTGGATTGGAAGGATTGATCCTAATAGTGGTGGTACTAAGTACAATGAGAAGTTCAAGAGCAAGGCCACACTGACTGTAGACAAACCCTCCAGAACAGCCTACATGCAGCTCAGCAGCCTGACATCTGAGGACTCTGCGGTCTATTATTGCGCAAGATACGATTACTACGGTAGTAGCTACTTTGACTACTGGGGCCAAGGCACCACTCTCACAGTCTCCTCAGGTGAGTCCTTACAACCTCTCTCTTAAAAAAAAAAGGGGGGGGGG,,AGGTCCAACTGTAGTAGCCTGGGGCTGAGCTTGTGAAGCCTGGGGCTTCAGTGAAGCTGTCCTGCAAGGCTTCTGGCTACACCTTCACCAGCTACTGGATGCACTGGGTGAAGCAGAGGCCTGGACGAGGCCTTGAGTGGATTGGAAGGATTGATCCTAATAGTGGTGGTACTAAGTACAATGAGAAGTTCAAGAGCAAGGCCACACTGACTGTAGACAAACCCTCCAGCACAGCCTACATGCAGCTCAGCAGCCTGACATCTGAGGACTCTGCGGTCTATTATTGCGCAAGATACGATTACTACGGTAGTAGCTACTTTGACTACTGGGGCCAAGGCACCACTCTCACAGTCTCCTCAGGTGAGTCCTTACAACCTCTCTCTTAAAAAAAAAAGGGGGGGGGG,[[]],,,,,0,0,0,0,0,0,,,,,True,False,True,"{'max': 385, 'best': 384, 'min': 384}","{'max': 11, 'best': 10, 'min': 10}",,,"{'j': ['IGHJ1-1*01'], 'd': ['IGHD1-1*01'], 'v': ['IGHV1-1*01']}",0.0024752475247524753
SRR2229754.1246,IGHV1-1*01,IGHD1-1*01,IGHJ1-1*01,367,0.0024752475247524753,1,AGGTCCAACTGTAGTAGCCTGGGGCTGAGCTTGTGAAGCCTGGGGCTTCAGTGAAGCTGTCCTGCAAGGCTTCTGGCTCCACCTTCACCAGCTACTGGATGCACTGGGTGAAGCAGAGGCCTGGACGAGGCCTTGAGTGGATTGGAAGGATTGATCCTAATAGTGGTGGTACTAAGTACAATGAGAAGTTCAAGAGCAAGGCCACACTGACTGTAGACAAACCCTCCAGCACAGCCTACATGCAGCTCAGCAGCCTGACATCTGAGGACTCTGCGGTCTATTATTGCGCAAGATACGATTACTACGGTAGTAGCTACTTTGACTACTGGGGCCAAGGCACCACTCTCACAGTCTCCTCAGGTGAGTCCTTACAACCTCTCTCTTAAAAAAAAAAGGGGGGGGGG,,AGGTCCAACTGTAGTAGCCTGGGGCTGAGCTTGTGAAGCCTGGGGCTTCAGTGAAGCTGTCCTGCAAGGCTTCTGGCTACACCTTCACCAGCTACTGGATGCACTGGGTGAAGCAGAGGCCTGGACGAGGCCTTGAGTGGATTGGAAGGATTGATCCTAATAGTGGTGGTACTAAGTACAATGAGAAGTTCAAGAGCAAGGCCACACTGACTGTAGACAAACCCTCCAGCACAGCCTACATGCAGCTCAGCAGCCTGACATCTGAGGACTCTGCGGTCTATTATTGCGCAAGATACGATTACTACGGTAGTAGCTACTTTGACTACTGGGGCCAAGGCACCACTCTCACAGTCTCCTCAGGTGAGTCCTTACAACCTCTCTCTTAAAAAAAAAAGGGGGGGGGG,[[]],,,,,0,0,0,0,0,0,,,,,True,False,True,"{'max': 385, 'best': 384, 'min': 384}","{'max': 11, 'best': 10, 'min': 10}",,,"{'j': ['IGHJ1-1*01'], 'd': ['IGHD1-1*01'], 'v': ['IGHV1-1*01']}",0.0024752475247524753
SRR2229754.1846,IGHV1-1*01,IGHD1-1*01,IGHJ1-1*01,367,0.0024752475247524753,1,AGGTCCAACTGTAGCAGCCTGGGGCTGAGCTTGTGAAGCCTGGGGCTTCAGTGAAGCTGTCCTGCAAGGCTTCTGGCTACACCTTCACCAGCTACTGGATGCACTGGGTGAAGCAGAGGCCTGGACGAGGCCTTGAGTGGATTGGAAGGATTGATCCTAATAGTGGTGGTACTAAGTACAATGAGAAGTTCAAGAGCAAGGCCACACTGACTGTAGACAAACCCTCCAGCACAGCCTACATGCAGCTCAGCAGCCTGACATCTGAGGACTCTGCGGTCTATTATTGCGCAAGATACGATTACTACGGTAGTAGCTACTTTGACTACTGGGGCCAAGGCACCACTCTCACAGTCTCCTCAGGTGAGTCCTTACAACCTCTCTCTTAAAAAAAAAAGGGGGGGGGG,,AGGTCCAACTGTAGTAGCCTGGGGCTGAGCTTGTGAAGCCTGGGGCTTCAGTGAAGCTGTCCTGCAAGGCTTCTGGCTACACCTTCACCAGCTACTGGATGCACTGGGTGAAGCAGAGGCCTGGACGAGGCCTTGAGTGGATTGGAAGGATTGATCCTAATAGTGGTGGTACTAAGTACAATGAGAAGTTCAAGAGCAAGGCCACACTGACTGTAGACAAACCCTCCAGCACAGCCTACATGCAGCTCAGCAGCCTGACATCTGAGGACTCTGCGGTCTATTATTGCGCAAGATACGATTACTACGGTAGTAGCTACTTTGACTACTGGGGCCAAGGCACCACTCTCACAGTCTCCTCAGGTGAGTCCTTACAACCTCTCTCTTAAAAAAAAAAGGGGGGGGGG,[[]],,,,,0,0,0,0,0,0,,,,,True,False,True,"{'max': 385, 'best': 384, 'min': 384}","{'max': 11, 'best': 10, 'min': 10}",,,"{'j': ['IGHJ1-1*01'], 'd': ['IGHD1-1*01'], 'v': ['IGHV1-1*01']}",0.0024752475247524753
SRR2229754.2769,IGHV1-1*01,IGHD1-1*01,IGHJ1-1*01,367,0.0024752475247524753,1,AGGTCCAACTGTAGTAGCCTGGGGCTGAGCTTGTGAAGCCTGGGGCTTCAGTGAAGCTGTCCTGCAAGGCTTCTGGCTACACCTTCACCAGCTACTGGATGCACTGGGTGAAGGAGAGGCCTGGACGAGGCCTTGAGTGGATTGGAAGGATTGATCCTAATAGTGGTGGTACTAAGTACAATGAGAAGTTCAAGAGCAAGGCCACACTGACTGTAGACAAACCCTCCAGCACAGCCTACATGCAGCTCAGCAGCCTGACATCTGAGGACTCTGCGGTCTATTATTGCGCAAGATACGATTACTACGGTAGTAGCTACTTTGACTACTGGGGCCAAGGCACCACTCTCACAGTCTCCTCAGGTGAGTCCTTACAACCTCTCTCTTAAAAAAAAAAGGGGGGGGGG,,AGGTCCAACTGTAGTAGCCTGGGGCTGAGCTTGTGAAGCCTGGGGCTTCAGTGAAGCTGTCCTGCAAGGCTTCTGGCTACACCTTCACCAGCTACTGGATGCACTGGGTGAAGCAGAGGCCTGGACGAGGCCTTGAGTGGATTGGAAGGATTGATCCTAATAGTGGTGGTACTAAGTACAATGAGAAGTTCAAGAGCAAGGCCACACTGACTGTAGACAAACCCTCCAGCACAGCCTACATGCAGCTCAGCAGCCTGACATCTGAGGACTCTGCGGTCTATTATTGCGCAAGATACGATTACTACGGTAGTAGCTACTTTGACTACTGGGGCCAAGGCACCACTCTCACAGTCTCCTCAGGTGAGTCCTTACAACCTCTCTCTTAAAAAAAAAAGGGGGGGGGG,[[]],,,,,0,0,0,0,0,0,,,,,True,False,True,"{'max': 385, 'best': 384, 'min': 384}","{'max': 11, 'best': 10, 'min': 10}",,,"{'j': ['IGHJ1-1*01'], 'd': ['IGHD1-1*01'], 'v': ['IGHV1-1*01']}",0.0024752475247524753
SRR2229754.287,IGHV1-1*01,IGHD1-1*01,IGHJ1-1*01,367,0.0024752475247524753,1,AGGTCCAACTGTAGTAGCCTGGGGCTGAGCTTGTGAAGCCTGGGGCTTCAGTGAAGCTGTCCTGCAAGGCTTCTGGCTACACCTTCACCAGCTACTGGATGCACTGGGTGAAGCAGAGGCCTGGACGAGGCCTTGAGTGGAGTGGAAGGATTGATCCTAATAGTGGTGGTACTAAGTACAATGAGAAGTTCAAGAGCAAGGCCACACTGACTGTAGACAAACCCTCCAGCACAGCCTACATGCAGCTCAGCAGCCTGACATCTGAGGACTCTGCGGTCTATTATTGCGCAAGATACGATTACTACGGTAGTAGCTACTTTGACTACTGGGGCCAAGGCACCACTCTCACAGTCTCCTCAGGTGAGTCCTTACAACCTCTCTCTTAAAAAAAAAAGGGGGGGGGG,,AGGTCCAACTGTAGTAGCCTGGGGCTGAGCTTGTGAAGCCTGGGGCTTCAGTGAAGCTGTCCTGCAAGGCTTCTGGCTACACCTTCACCAGCTACTGGATGCACTGGGTGAAGCAGAGGCCTGGACGAGGCCTTGAGTGGATTGGAAGGATTGATCCTAATAGTGGTGGTACTAAGTACAATGAGAAGTTCAAGAGCAAGGCCACACTGACTGTAGACAAACCCTCCAGCACAGCCTACATGCAGCTCAGCAGCCTGACATCTGAGGACTCTGCGGTCTATTATTGCGCAAGATACGATTACTACGGTAGTAGCTACTTTGACTACTGGGGCCAAGGCACCACTCTCACAGTCTCCTCAGGTGAGTCCTTACAACCTCTCTCTTAAAAAAAAAAGGGGGGGGGG,[[]],,,,,0,0,0,0,0,0,,,,,True,False,True,"{'max': 385, 'best': 384, 'min': 384}","{'max': 11, 'best': 10, 'min': 10}",,,"{'j': ['IGHJ1-1*01'], 'd': ['IGHD1-1*01'], 'v': ['IGHV1-1*01']}",0.0024752475247524753
SRR2229754.3374,IGHV1-1*01,IGHD1-1*01,IGHJ1-1*01,367,0.0024752475247524753,1,AGGTCCAACTGTAGTAGCCTGGGGCTGAGCTTGTGAAGCCTGGGGCTTCAGTGAAGCTGTCCTGCAAGGCTTCTGGCTACACCTTCACCAGCTACTGGATGCACTGGGTGAAGCAGAGGCCTGGACGAGGCCTTGAGTGGATTGGAAGGATTGATCCTAATAGTGGTGGTACTAAGTACAATGAGAAGTTCAAGAGCAAGGCCACACTGACTGTAGACAAACCCTCCAGCATAGCCTACATGCAGCTCAGCAGCCTGACATCTGAGGACTCTGCGGTCTATTATTGCGCAAGATACGATTACTACGGTAGTAGCTACTTTGACTACTGGGGCCAAGGCACCACTCTCACAGTCTCCTCAGGTGAGTCCTTACAACCTCTCTCTTAAAAAAAAAAGGGGGGGGGG,,AGGTCCAACTGTAGTAGCCTGGGGCTGAGCTTGTGAAGCCTGGGGCTTCAGTGAAGCTGTCCTGCAAGGCTTCTGGCTACACCTTCACCAGCTACTGGATGCACTGGGTGAAGCAGAGGCCTGGACGAGGCCTTGAGTGGATTGGAAGGATTGATCCTAATAGTGGTGGTACTAAGTACAATGAGAAGTTCAAGAGCAAGGCCACACTGACTGTAGACAAACCCTCCAGCACAGCCTACATGCAGCTCAGCAGCCTGACATCTGAGGACTCTGCGGTCTATTATTGCGCAAGATACGATTACTACGGTAGTAGCTACTTTGACTACTGGGGCCAAGGCACCACTCTCACAGTCTCCTCAGGTGAGTCCTTACAACCTCTCTCTTAAAAAAAAAAGGGGGGGGGG,[[]],,,,,0,0,0,0,0,0,,,,,True,False,True,"{'max': 385, 'best': 384, 'min': 384}","{'max': 11, 'best': 10, 'min': 10}",,,"{'j': ['IGHJ1-1*01'], 'd': ['IGHD1-1*01'], 'v': ['IGHV1-1*01']}",0.0024752475247524753
SRR2229754.466,IGHV1-1*01,IGHD1-1*01,IGHJ1-1*01,367,0.0024752475247524753,1,AGGTCCAACTGTAGTAGCCTGGGGCTGAGCTTGTGAAGCCTGGGGCTTCAGTGAAGCTGTCCTGCAAGGCTTCTGGCTACACCTTCACCAGCTACTGGATGCACTGGGTGAAGCAGAGGCCTGGACGAGGCCTTGAGTGGATTGGAAGGATTGATCCTAATAGTGGTGGTACTAAGTACAATGAGAAGTTCAAGAGCAAGGCCACACTGACTGTAGACAAACCCTCCAGCACAGCCTACATGCAGCTCAGCAGCCTGACATTTGAGGACTCTGCGGTCTATTATTGCGCAAGATACGATTACTACGGTAGTAGCTACTTTGACTACTGGGGCCAAGGCACCACTCTCACAGTCTCCTCAGGTGAGTCCTTACAACCTCTCTCTTAAAAAAAAAAGGGGGGGGGG,,AGGTCCAACTGTAGTAGCCTGGGGCTGAGCTTGTGAAGCCTGGGGCTTCAGTGAAGCTGTCCTGCAAGGCTTCTGGCTACACCTTCACCAGCTACTGGATGCACTGGGTGAAGCAGAGGCCTGGACGAGGCCTTGAGTGGATTGGAAGGATTGATCCTAATAGTGGTGGTACTAAGTACAATGAGAAGTTCAAGAGCAAGGCCACACTGACTGTAGACAAACCCTCCAGCACAGCCTACATGCAGCTCAGCAGCCTGACATCTGAGGACTCTGCGGTCTATTATTGCGCAAGATACGATTACTACGGTAGTAGCTACTTTGACTACTGGGGCCAAGGCACCACTCTCACAGTCTCCTCAGGTGAGTCCTTACAACCTCTCTCTTAAAAAAAAAAGGGGGGGGGG,[[]],,,,,0,0,0,0,0,0,,,,,True,False,True,"{'max': 385, 'best': 384, 'min': 384}","{'max': 11, 'best': 10, 'min': 10}",,,"{'j': ['IGHJ1-1*01'], 'd': ['IGHD1-1*01'], 'v': ['IGHV1-1*01']}",0.0024752475247524753
SRR2229754.2092,IGHV1-1*01,IGHD1-1*01,IGHJ1-1*01,367,0.0024752475247524753,1,AGGTCCAACTGTAGTAGCCTGGGGCTGAGCTTGTGAAGCCTGGGGCTTCAGTGAAGCTGTCCTGCAAGGCTTCTGGCTACACCTTCACCAGCTACTGGATGCACTGGGTGAAGCAGAGGCCTGGACGAGGCCTTGAGTGGATTGGAAGGATTGATCCTAATAGTGGTGGTACTAAGTACAATGAGAAGTTCAAGAGCAAGGCCACACTGACTGTAGACAAACCCTCCAGCACAGCCTACATGCAGCTCAGCAGCCTGACATCTGAGGACTCTGCGGTCTATTATTGCGCAAGATACGATTACTACGGTAGTAGCTCCTTTGACTACTGGGGCCAAGGCACCACTCTCACAGTCTCCTCAGGTGAGTCCTTACAACCTCTCTCTTAAAAAAAAAAGGGGGGGGGG,,AGGTCCAACTGTAGTAGCCTGGGGCTGAGCTTGTGAAGCCTGGGGCTTCAGTGAAGCTGTCCTGCAAGGCTTCTGGCTACACCTTCACCAGCTACTGGATGCACTGGGTGAAGCAGAGGCCTGGACGAGGCCTTGAGTGGATTGGAAGGATTGATCCTAATAGTGGTGGTACTAAGTACAATGAGAAGTTCAAGAGCAAGGCCACACTGACTGTAGACAAACCCTCCAGCACAGCCTACATGCAGCTCAGCAGCCTGACATCTGAGGACTCTGCGGTCTATTATTGCGCAAGATACGATTACTACGGTAGTAGCTACTTTGACTACTGGGGCCAAGGCACCACTCTCACAGTCTCCTCAGGTGAGTCCTTACAACCTCTCTCTTAAAAAAAAAAGGGGGGGGGG,[[]],,,,,0,0,0,0,0,0,,,,,True,False,True,"{'max': 385, 'best': 384, 'min': 384}","{'max': 11, 'best': 10, 'min': 10}",,,"{'j': ['IGHJ1-1*01'], 'd': ['IGHD1-1*01'], 'v': ['IGHV1-1*01']}",0.0024752475247524753
SRR2229754.59,IGHV1-1*01,IGHD1-1*01,IGHJ1-1*01,367,0.0024752475247524753,1,AGGTCCAACTGTAGTAGCCTGGGGCTGAGCTTGTGAAGCCTGGGGCTTCAGTGAAGCTGTCCTGCAAGGCTTCTGGCTACACCTTCACCAGCTACTGGATGCACTGGGTGAAGCAGAGGCCTGGACGAGGCCTTGAGTGGATTGGAAGGATTGATCCTAATAGTGGTGGTACTAAGTACAATGAGAAGTTCAAGAGCAAGGCCACACTGACTGTAGACAAACCCTCCAGCACAGCCTACATGCAGCTCAGCAGCCTGACATCTGAGGACTCTGCGGTCTATTATTGCGCAAGATACGATTACTACGGTAGTAGCTACTTTGACTACTGGTGCCAAGGCACCACTCTCACAGTCTCCTCAGGTGAGTCCTTACAACCTCTCTCTTAAAAAAAAAAGGGGGGGGGG,,AGGTCCAACTGTAGTAGCCTGGGGCTGAGCTTGTGAAGCCTGGGGCTTCAGTGAAGCTGTCCTGCAAGGCTTCTGGCTACACCTTCACCAGCTACTGGATGCACTGGGTGAAGCAGAGGCCTGGACGAGGCCTTGAGTGGATTGGAAGGATTGATCCTAATAGTGGTGGTACTAAGTACAATGAGAAGTTCAAGAGCAAGGCCACACTGACTGTAGACAAACCCTCCAGCACAGCCTACATGCAGCTCAGCAGCCTGACATCTGAGGACTCTGCGGTCTATTATTGCGCAAGATACGATTACTACGGTAGTAGCTACTTTGACTACTGGGGCCAAGGCACCACTCTCACAGTCTCCTCAGGTGAGTCCTTACAACCTCTCTCTTAAAAAAAAAAGGGGGGGGGG,[[]],,,,,0,0,0,0,0,0,,,,,True,False,True,"{'max': 385, 'best': 384, 'min': 384}","{'max': 11, 'best': 10, 'min': 10}",,,"{'j': ['IGHJ1-1*01'], 'd': ['IGHD1-1*01'], 'v': ['IGHV1-1*01']}",0.0024752475247524753
SRR2229754.1771,IGHV1-1*01,IGHD1-1*01,IGHJ1-1*01,367,0.0024752475247524753,1,AGGTCCAACTGTAGTAGCCTGGGGCTGAGCTTGTGAAGCCTGGGGCTTCAGTGAAGCTGTCCTGCAAGGCTTCTGGCTACACCTTCACCAGCTACTGGATGCACTGGGTGAAGCAGAGGCCTGGACGAGGCCTTGAGTGGATTGGAAGGATTGATCCTAATAGTGGTGGTACTAAGTACAATGAGAAGTTCAAGAGCAAGGCCACACTGACTGTAGACAAACCCTCCAGCACAGCCTACATGCAGCTCAGCAGCCTGACATCTGAGGACTCTGCGGTCTATTATTGCGCAAGATACGATTACTACGGTAGTAGCTACTTTGACTACTGGGGCCAAGGCACCACTCTCACAGTCGCCTCAGGTGAGTCCTTACAACCTCTCTCTTAAAAAAAAAAGGGGGGGGGG,,AGGTCCAACTGTAGTAGCCTGGGGCTGAGCTTGTGAAGCCTGGGGCTTCAGTGAAGCTGTCCTGCAAGGCTTCTGGCTACACCTTCACCAGCTACTGGATGCACTGGGTGAAGCAGAGGCCTGGACGAGGCCTTGAGTGGATTGGAAGGATTGATCCTAATAGTGGTGGTACTAAGTACAATGAGAAGTTCAAGAGCAAGGCCACACTGACTGTAGACAAACCCTCCAGCACAGCCTACATGCAGCTCAGCAGCCTGACATCTGAGGACTCTGCGGTCTATTATTGCGCAAGATACGATTACTACGGTAGTAGCTACTTTGACTACTGGGGCCAAGGCACCACTCTCACAGTCTCCTCAGGTGAGTCCTTACAACCTCTCTCTTAAAAAAAAAAGGGGGGGGGG,[[]],,,,,0,0,0,0,0,0,,,,,True,False,True,"{'max': 385, 'best': 384, 'min': 384}","{'max': 11, 'best': 10, 'min': 10}",,,"{'j': ['IGHJ1-1*01'], 'd': ['IGHD1-1*01'], 'v': ['IGHV1-1*01']}",0.0024752475247524753
SRR2229754.1136,IGHV1-1*01,IGHD1-1*01,IGHJ1-1*01,366,0.004962779156327543,2,AGGTCCAACTGTAGTAGCCTGGGGCTGAGCTTGTGAAGCCTGGGGCTTCAGTGAAGCTGTCCTGCAAGGCTTCTGGCTACACCTTCACCAGCTACTGGATGCACTGGGTGAAGCAGAGGCCTGGACGAGGCCTTGAGTGGATTGGAAGGATTGATCCTAATAGTGGTGGTACTAAGTACAATGAGAAGTTCAAGAGCAAGGCCACACTGACTGTAGACAAACCCTCCAGCACAGCCTACATGCAGCTCAGCAGCCTGACATCTGAGGACTCTGCGGTCTATTATTGCGCAAGATACGATTACTACGGTAGTAGCTACTTTGACTACTGGGGCCAAGGCACCACTCTCACAGTCTCCTCAGGTGAGTCCTTACAACCTCTCCTTAAAAAAAAAAGGGGGGGGGG,,AGGTCCAACTGTAGTAGCCTGGGGCTGAGCTTGTGAAGCCTGGGGCTTCAGTGAAGCTGTCCTGCAAGGCTTCTGGCTACACCTTCACCAGCTACTGGATGCACTGGGTGAAGCAGAGGCCTGGACGAGGCCTTGAGTGGATTGGAAGGATTGATCCTAATAGTGGTGGTACTAAGTACAATGAGAAGTTCAAGAGCAAGGCCACACTGACTGTAGACAAACCCTCCAGCACAGCCTACATGCAGCTCAGCAGCCTGACATCTGAGGACTCTGCGGTCTATTATTGCGCAAGATACGATTACTACGGTAGTAGCTACTTTGACTACTGGGGCCAAGGCACCACTCTCACAGTCTCCTCAGGTGAGTCCTTACAACCTCTCTCTAAAAAAAAAAGGGGGGGGGG,[[]],,,,,1,0,0,0,0,0,,,,,True,False,True,"{'max': 384, 'best': 383, 'min': 380}","{'max': 14, 'best': 10, 'min': 10}",,,"{'j': ['IGHJ1-1*01'], 'd': ['IGHD1-1*01'], 'v': ['IGHV1-1*01']}",0.004962779156327543
SRR2229754.688,IGHV1-1*01,IGHD1-1*01,IGHJ1-1*01,367,0.0024752475247524753,1,AGGTCCAACTGTAGTAGCCTGGGGCTGAGCTTGTGAAGCCTGGGGCTTCAGTGAAGCTGTCCTGCAAGGCTTCTGGATACACCTTCACCAGCTACTGGATGCACTGGGTGAAGCAGAGGCCTGGACGAGGCCTTGAGTGGATTGGAAGGATTGATCCTAATAGTGGTGGTACTAAGTACAATGAGAAGTTCAAGAGCAAGGCCACACTGACTGTAGACAAACCCTCCAGCACAGCCTACATGCAGCTCAGCAGCCTGACATCTGAGGACTCTGCGGTCTATTATTGCGCAAGATACGATTACTACGGTAGTAGCTACTTTGACTACTGGGGCCAAGGCACCACTCTCACAGTCTCCTCAGGTGAGTCCTTACAACCTCTCTCTTAAAAAAAAAAGGGGGGGGGG,,AGGTCCAACTGTAGTAGCCTGGGGCTGAGCTTGTGAAGCCTGGGGCTTCAGTGAAGCTGTCCTGCAAGGCTTCTGGCTACACCTTCACCAGCTACTGGATGCACTGGGTGAAGCAGAGGCCTGGACGAGGCCTTGAGTGGATTGGAAGGATTGATCCTAATAGTGGTGGTACTAAGTACAATGAGAAGTTCAAGAGCAAGGCCACACTGACTGTAGACAAACCCTCCAGCACAGCCTACATGCAGCTCAGCAGCCTGACATCTGAGGACTCTGCGGTCTATTATTGCGCAAGATACGATTACTACGGTAGTAGCTACTTTGACTACTGGGGCCAAGGCACCACTCTCACAGTCTCCTCAGGTGAGTCCTTACAACCTCTCTCTTAAAAAAAAAAGGGGGGGGGG,[[]],,,,,0,0,0,0,0,0,,,,,True,False,True,"{'max': 385, 'best': 384, 'min': 384}","{'max': 11, 'best': 10, 'min': 10}",,,"{'j': ['IGHJ1-1*01'], 'd': ['IGHD1-1*01'], 'v': ['IGHV1-1*01']}",0.0024752475247524753
SRR2229754.1848,IGHV1-1*01,IGHD1-1*01,IGHJ1-1*01,367,0.0024752475247524753,1,AGGTCCAACTGTAGTAGCCTGGGGCTGAGCTTGTGAAGCCTGGGGCTTCAGTGAAGCTGTCCTGCAAGGCTTCTGGCTACACCTTCACCAGCTACTGGATGCACTGGGTGAAGCAGAGGCCTGGACGAGGCCTTGAGTGGATTGGAAGGATTGATCCTAATAGTGGTGGTACTAAGTACAATGAGAAGTTCAAGAGCAAGGCCACACTGACTGTAGACAAACCCTCCAGCACAGCCTACATGCAGCTCAGCAGCCTGACATCTGAGGACTCTGCGGTCTATTATTGCGCAAGATACGATTACTACGGTAGTAGCTACTTTGACTACTGGGGCCAAGGCACCACTCTCACAGTCTCCTCAGGTGAGTCCTTACAACCTCTCTTTTAAAAAAAAAAGGGGGGGGGG,,AGGTCCAACTGTAGTAGCCTGGGGCTGAGCTTGTGAAGCCTGGGGCTTCAGTGAAGCTGTCCTGCAAGGCTTCTGGCTACACCTTCACCAGCTACTGGATGCACTGGGTGAAGCAGAGGCCTGGACGAGGCCTTGAGTGGATTGGAAGGATTGATCCTAATAGTGGTGGTACTAAGTACAATGAGAAGTTCAAGAGCAAGGCCACACTGACTGTAGACAAACCCTCCAGCACAGCCTACATGCAGCTCAGCAGCCTGACATCTGAGGACTCTGCGGTCTATTATTGCGCAAGATACGATTACTACGGTAGTAGCTACTTTGACTACTGGGGCCAAGGCACCACTCTCACAGTCTCCTCAGGTGAGTCCTTACAACCTCTCTCTTAAAAAAAAAAGGGGGGGGGG,[[]],,,,,0,0,0,0,0,0,,,,,True,False,True,"{'max': 385, 'best': 384, 'min': 381}","{'max': 14, 'best': 10, 'min': 10}",,,"{'j': ['IGHJ1-1*01'], 'd': ['IGHD1-1*01'], 'v': ['IGHV1-1*01']}",0.0024752475247524753
SRR2229754.3534,IGHV1-1*01,IGHD1-1*01,IGHJ1-1*01,367,0.0024752475247524753,1,AGGTCCAACTGTAGTAGCCTGGGGCTGAGCTTGTGAAGCCTGGGGCTTCAGTGAAGCTGTCCTGCAAGGCTTCTGGCTACACCTTCACCAGCTACTGGATGCACTGGGTGAAGCAGAGGCCTGGACGAGGCCTTGAGTGGATTGGAAGGATTGATCCTAATAGTGGTGGTACTAAGTACAATGAGAAGTTCAAGAGCAAGGCCACACTGACTGTAGACAAACCCTCCAGCACAGCCTACATGCAGCTCAGCAGCCTGACATCTGAGGACTCTGCGGTCTATTATTGCGCAAGATACGATTACTACGGTAGTAGCTACTTTGACTACTGGGGCCAAGGCACCACTCTCACAGTCTCCTCAGGTGAGTCCTTACAGCCTCTCTCTTAAAAAAAAAAGGGGGGGGGG,,AGGTCCAACTGTAGTAGCCTGGGGCTGAGCTTGTGAAGCCTGGGGCTTCAGTGAAGCTGTCCTGCAAGGCTTCTGGCTACACCTTCACCAGCTACTGGATGCACTGGGTGAAGCAGAGGCCTGGACGAGGCCTTGAGTGGATTGGAAGGATTGATCCTAATAGTGGTGGTACTAAGTACAATGAGAAGTTCAAGAGCAAGGCCACACTGACTGTAGACAAACCCTCCAGCACAGCCTACATGCAGCTCAGCAGCCTGACATCTGAGGACTCTGCGGTCTATTATTGCGCAAGATACGATTACTACGGTAGTAGCTACTTTGACTACTGGGGCCAAGGCACCACTCTCACAGTCTCCTCAGGTGAGTCCTTACAACCTCTCTCTTAAAAAAAAAAGGGGGGGGGG,[[]],,,,,0,0,0,0,0,0,,,,,True,False,True,"{'max': 385, 'best': 384, 'min': 384}","{'max': 11, 'best': 10, 'min': 10}",,,"{'j': ['IGHJ1-1*01'], 'd': ['IGHD1-1*01'], 'v': ['IGHV1-1*01']}",0.0024752475247524753
SRR2229754.2333,IGHV1-1*01,IGHD1-1*01,IGHJ1-1*01,367,0.0024752475247524753,1,AGGTCTAACTGTAGTAGCCTGGGGCTGAGCTTGTGAAGCCTGGGGCTTCAGTGAAGCTGTCCTGCAAGGCTTCTGGCTACACCTTCACCAGCTACTGGATGCACTGGGTGAAGCAGAGGCCTGGACGAGGCCTTGAGTGGATTGGAAGGATTGATCCTAATAGTGGTGGTACTAAGTACAATGAGAAGTTCAAGAGCAAGGCCACACTGACTGTAGACAAACCCTCCAGCACAGCCTACATGCAGCTCAGCAGCCTGACATCTGAGGACTCTGCGGTCTATTATTGCGCAAGATACGATTACTACGGTAGTAGCTACTTTGACTACTGGGGCCAAGGCACCACTCTCACAGTCTCCTCAGGTGAGTCCTTACAACCTCTCTCTTAAAAAAAAAAGGGGGGGGGG,,AGGTCCAACTGTAGTAGCCTGGGGCTGAGCTTGTGAAGCCTGGGGCTTCAGTGAAGCTGTCCTGCAAGGCTTCTGGCTACACCTTCACCAGCTACTGGATGCACTGGGTGAAGCAGAGGCCTGGACGAGGCCTTGAGTGGATTGGAAGGATTGATCCTAATAGTGGTGGTACTAAGTACAATGAGAAGTTCAAGAGCAAGGCCACACTGACTGTAGACAAACCCTCCAGCACAGCCTACATGCAGCTCAGCAGCCTGACATCTGAGGACTCTGCGGTCTATTATTGCGCAAGATACGATTACTACGGTAGTAGCTACTTTGACTACTGGGGCCAAGGCACCACTCTCACAGTCTCCTCAGGTGAGTCCTTACAACCTCTCTCTTAAAAAAAAAAGGGGGGGGGG,[[]],,,,,0,0,0,0,0,0,,,,,True,False,True,"{'max': 385, 'best': 384, 'min': 384}","{'max': 11, 'best': 10, 'min': 10}",,,"{'j': ['IGHJ1-1*01'], 'd': ['IGHD1-1*01'], 'v': ['IGHV1-1*01']}",0.0024752475247524753
SRR2229754.197,IGHV1-1*01,IGHD1-1*01,IGHJ1-1*01,367,0.0024752475247524753,1,AGGTCCAACTGTAGTAGCCTGGGGCTGAGCTTGTGAAGCCTGGGGCTTCAGTGAAGCTGTCCTGCAAGGCTTCTGGCTACACCTTCACCAGCTACTGGATGCACTGGGTGAAGCAGAGGCCTGGACGAGGCCTTGAGTGGATTGGAAGGATTGATCCTAATAGTGGTGGTACTAAGTACAATGAGAAGTTCAAGAGCAAGGCCACACTGACTGTAGACTAACCCTCCAGCACAGCCTACATGCAGCTCAGCAGCCTGACATCTGAGGACTCTGCGGTCTATTATTGCGCAAGATACGATTACTACGGTAGTAGCTACTTTGACTACTGGGGCCAAGGCACCACTCTCACAGTCTCCTCAGGTGAGTCCTTACAACCTCTCTCTTAAAAAAAAAAGGGGGGGGGG,,AGGTCCAACTGTAGTAGCCTGGGGCTGAGCTTGTGAAGCCTGGGGCTTCAGTGAAGCTGTCCTGCAAGGCTTCTGGCTACACCTTCACCAGCTACTGGATGCACTGGGTGAAGCAGAGGCCTGGACGAGGCCTTGAGTGGATTGGAAGGATTGATCCTAATAGTGGTGGTACTAAGTACAATGAGAAGTTCAAGAGCAAGGCCACACTGACTGTAGACAAACCCTCCAGCACAGCCTACATGCAGCTCAGCAGCCTGACATCTGAGGACTCTGCGGTCTATTATTGCGCAAGATACGATTACTACGGTAGTAGCTACTTTGACTACTGGGGCCAAGGCACCACTCTCACAGTCTCCTCAGGTGAGTCCTTACAACCTCTCTCTTAAAAAAAAAAGGGGGGGGGG,[[]],,,,,0,0,0,0,0,0,,,,,True,False,True,"{'max': 385, 'best': 384, 'min': 384}","{'max': 11, 'best': 10, 'min': 10}",,,"{'j': ['IGHJ1-1*01'], 'd': ['IGHD1-1*01'], 'v': ['IGHV1-1*01']}",0.0024752475247524753
SRR2229754.526,IGHV1-1*01,IGHD1-1*01,IGHJ1-1*01,366,0.0,0,AGGTCCAACTGTAGTAGCCTGGGGCTGAGCTTGTGAAGCCTGGGGCTTCAGTGAAGCTGTCCTGCAAGGCTTCTGGCTACACCTTCACCAGCTACTGGATGCACTGGGTGAAGCAGAGGCCTGGACGAGGCCTTGAGTGGATTGGAAGGATTGATCCTAATAGTGGTGGTACTAAGTACAATGAGAAGTTCAAGAGCAAGGCCACACTGACTGTAGACAAACCCTCCAGCACAGCCTACATGCAGCTCAGCAGCCTGACATCTGAGGACTCTGCGGTCTATTATTGCGCAAGATACGATTACTACGGTAGTAGCTACTTTGACTACTGGGGCCAAGGCACCACTCTCACAGTCTCCTCAGGTGAGTCCTTACAACCTCTTCTTAAAAAAAAAAGGGGGGGGGG,,AGGTCCAACTGTAGTAGCCTGGGGCTGAGCTTGTGAAGCCTGGGGCTTCAGTGAAGCTGTCCTGCAAGGCTTCTGGCTACACCTTCACCAGCTACTGGATGCACTGGGTGAAGCAGAGGCCTGGACGAGGCCTTGAGTGGATTGGAAGGATTGATCCTAATAGTGGTGGTACTAAGTACAATGAGAAGTTCAAGAGCAAGGCCACACTGACTGTAGACAAACCCTCCAGCACAGCCTACATGCAGCTCAGCAGCCTGACATCTGAGGACTCTGCGGTCTATTATTGCGCAAGATACGATTACTACGGTAGTAGCTACTTTGACTACTGGGGCCAAGGCACCACTCTCACAGTCTCCTCAGGTGAGTCCTTACAACCTCTTCTTAAAAAAAAAAGGGGGGGGGG,[[]],,,,,5,0,0,0,0,0,TCTT,,,,True,False,True,"{'max': 380, 'best': 379, 'min': 379}","{'max': 15, 'best': 14, 'min': 14}",,,"{'j': ['IGHJ1-1*01'], 'd': ['IGHD1-1*01'], 'v': ['IGHV1-1*01']}",0.0
SRR2229754.2023,IGHV1-1*01,IGHD1-1*01,IGHJ1-1*01,366,0.004962779156327543,2,AGGTCCAACTGTAGTAGCCTGGGGCTGAGCTTGTGAAGCCTGGGGCTTCAGTGAAGCTGTCCTGCAAGGCTTCTGGCTACACCTTCACCAGCTACTGGATGCACTGGGTGAAGCAGAGGCCTGGACGAGGCCTTGAGTGGATTGGAAGGATTGATCCTAATAGTGGTGGTACTAAGTACAATGAGAAGTTCAAGAGCAAGGCCACACTGACTGTAGACAAACCCTCCAGCACAGCCTACATGCAGCTCAGCAGCCTGACATCTGAGGACTCTGCGGTCTATTATTGCGCAAGATACGATTACTACGGTAGTAGCTACTTTGACTACTGGGGCCAAGGCACCACTCTCACAGTCTCCTCAGGTGAGTCCTTAAACCTCTCTCTTAAAAAAAAAAGGGGGGGGGG,,AGGTCCAACTGTAGTAGCCTGGGGCTGAGCTTGTGAAGCCTGGGGCTTCAGTGAAGCTGTCCTGCAAGGCTTCTGGCTACACCTTCACCAGCTACTGGATGCACTGGGTGAAGCAGAGGCCTGGACGAGGCCTTGAGTGGATTGGAAGGATTGATCCTAATAGTGGTGGTACTAAGTACAATGAGAAGTTCAAGAGCAAGGCCACACTGACTGTAGACAAACCCTCCAGCACAGCCTACATGCAGCTCAGCAGCCTGACATCTGAGGACTCTGCGGTCTATTATTGCGCAAGATACGATTACTACGGTAGTAGCTACTTTGACTACTGGGGCCAAGGCACCACTCTCACAGTCTCCTCAGGTGAGTCCTTACAACTCTCTCTTAAAAAAAAAAGGGGGGGGGG,[[]],,,,,9,0,0,0,0,0,TCTCTCTT,,,,True,False,True,"{'max': 376, 'best': 375, 'min': 371}","{'max': 23, 'best': 18, 'min': 18}",,,"{'j': ['IGHJ1-1*01'], 'd': ['IGHD1-1*01'], 'v': ['IGHV1-1*01']}",0.004962779156327543
SRR2229754.3808,IGHV1-1*01,IGHD1-1*01,IGHJ1-1*01,367,0.0024752475247524753,1,AGGTCCAACTGTAGTAGCCTGGGGCTGAGCTTGTGAAGCCTGGGGCTTCAGTGAAGCTGTCCTGCAAGGCTTCTGGCTACACCTTCACCAGCTACTGGATGCACTGGGTGAAGCAGAGGCCTGGACGAGGCCTTGAGTGGATTGGAAGGATTGATCCTAATAGTGGTGGTACTAAGTACAATGAGAAGTTCAAGAGCAAGGCCACACTGACTGTAGACAAACCCTCCAGCACAGCCTACATGCAGCTCAGTAGCCTGACATCTGAGGACTCTGCGGTCTATTATTGCGCAAGATACGATTACTACGGTAGTAGCTACTTTGACTACTGGGGCCAAGGCACCACTCTCACAGTCTCCTCAGGTGAGTCCTTACAACCTCTCTCTTAAAAAAAAAAGGGGGGGGGG,,AGGTCCAACTGTAGTAGCCTGGGGCTGAGCTTGTGAAGCCTGGGGCTTCAGTGAAGCTGTCCTGCAAGGCTTCTGGCTACACCTTCACCAGCTACTGGATGCACTGGGTGAAGCAGAGGCCTGGACGAGGCCTTGAGTGGATTGGAAGGATTGATCCTAATAGTGGTGGTACTAAGTACAATGAGAAGTTCAAGAGCAAGGCCACACTGACTGTAGACAAACCCTCCAGCACAGCCTACATGCAGCTCAGCAGCCTGACATCTGAGGACTCTGCGGTCTATTATTGCGCAAGATACGATTACTACGGTAGTAGCTACTTTGACTACTGGGGCCAAGGCACCACTCTCACAGTCTCCTCAGGTGAGTCCTTACAACCTCTCTCTTAAAAAAAAAAGGGGGGGGGG,[[]],,,,,0,0,0,0,0,0,,,,,True,False,True,"{'max': 385, 'best': 384, 'min': 384}","{'max': 11, 'best': 10, 'min': 10}",,,"{'j': ['IGHJ1-1*01'], 'd': ['IGHD1-1*01'], 'v': ['IGHV1-1*01']}",0.0024752475247524753
SRR2229754.2582,IGHV1-1*01,IGHD1-1*01,IGHJ1-1*01,367,0.0024752475247524753,1,AGGTCCAACTGTAGTAGCCTGGGGCTGAGCTTGTGAAGCCTGGGGCTTCAGTGAAGCTGTCCTGCAAGGCTTCTGGCTACACCTTCACCAGCTACTGGATGCACTGGGTGAAGCAGAGGCCTGGACGAGGCCTTGAGTGGATTGGAAGGATTGATCCTAATAGTGGTGGTACTAAGTATAATGAGAAGTTCAAGAGCAAGGCCACACTGACTGTAGACAAACCCTCCAGCACAGCCTACATGCAGCTCAGCAGCCTGACATCTGAGGACTCTGCGGTCTATTATTGCGCAAGATACGATTACTACGGTAGTAGCTACTTTGACTACTGGGGCCAAGGCACCACTCTCACAGTCTCCTCAGGTGAGTCCTTACAACCTCTCTCTTAAAAAAAAAAGGGGGGGGGG,,AGGTCCAACTGTAGTAGCCTGGGGCTGAGCTTGTGAAGCCTGGGGCTTCAGTGAAGCTGTCCTGCAAGGCTTCTGGCTACACCTTCACCAGCTACTGGATGCACTGGGTGAAGCAGAGGCCTGGACGAGGCCTTGAGTGGATTGGAAGGATTGATCCTAATAGTGGTGGTACTAAGTACAATGAGAAGTTCAAGAGCAAGGCCACACTGACTGTAGACAAACCCTCCAGCACAGCCTACATGCAGCTCAGCAGCCTGACATCTGAGGACTCTGCGGTCTATTATTGCGCAAGATACGATTACTACGGTAGTAGCTACTTTGACTACTGGGGCCAAGGCACCACTCTCACAGTCTCCTCAGGTGAGTCCTTACAACCTCTCTCTTAAAAAAAAAAGGGGGGGGGG,[[]],,,,,0,0,0,0,0,0,,,,,True,False,True,"{'max': 385, 'best': 384, 'min': 384}","{'max': 11, 'best': 10, 'min': 10}",,,"{'j': ['IGHJ1-1*01'], 'd': ['IGHD1-1*01'], 'v': ['IGHV1-1*01']}",0.0024752475247524753
SRR2229754.1555,IGHV1-1*01,IGHD1-1*01,IGHJ1-1*01,367,0.0024752475247524753,1,AGGTCCAACTGTAGTAGCCTGGGGCTGAGCTTGTGAAGCCTGGGGCTTCAGTGAAGCTGTCCTGCAAGGCTTCTGGCTACACCTTCACCAGCTACTGGATGCACTGGGTGAAGCAGAGGCCTGGACGAGGCCTTGAGTGGATTGGAAGGATTGATCCTAATAGTGGTGGTACTAAGTACAATGAGAAGTTCAAGAGCAAGGCCACACTGACTGTAGACAAACCCTCCAGCACAGCCTACATGCAGCTCAGCAGCCTGACATCTGAGGACTCTGCGGTCTATTATTGCGCAAGATACGATTACTACGGTAGTAGCTACTTTGACTACTGGGGCCAAGGCACCACTCTCACAGTCTCCTCAGGTGAGTCCTTACAATCTCTCTCTTAAAAAAAAAAGGGGGGGGGG,,AGGTCCAACTGTAGTAGCCTGGGGCTGAGCTTGTGAAGCCTGGGGCTTCAGTGAAGCTGTCCTGCAAGGCTTCTGGCTACACCTTCACCAGCTACTGGATGCACTGGGTGAAGCAGAGGCCTGGACGAGGCCTTGAGTGGATTGGAAGGATTGATCCTAATAGTGGTGGTACTAAGTACAATGAGAAGTTCAAGAGCAAGGCCACACTGACTGTAGACAAACCCTCCAGCACAGCCTACATGCAGCTCAGCAGCCTGACATCTGAGGACTCTGCGGTCTATTATTGCGCAAGATACGATTACTACGGTAGTAGCTACTTTGACTACTGGGGCCAAGGCACCACTCTCACAGTCTCCTCAGGTGAGTCCTTACAACCTCTCTCTTAAAAAAAAAAGGGGGGGGGG,[[]],,,,,0,0,0,0,0,0,,,,,True,False,True,"{'max': 385, 'best': 384, 'min': 384}","{'max': 11, 'best': 10, 'min': 10}",,,"{'j': ['IGHJ1-1*01'], 'd': ['IGHD1-1*01'], 'v': ['IGHV1-1*01']}",0.0024752475247524753
SRR2229754.1604,IGHV1-1*01,IGHD1-1*01,IGHJ1-1*01,367,0.0024752475247524753,1,AGGTCCAACTGTAGTAGCCTGGGGCTGAGCTTGTGAAGCCTGGGGCTTCAGTGAAGCTGTCCTGCAAGGCTTCTGGCTACACCTTCACCAGCTACTGGATGCACTGGGTGAAGCAGAGGCCTGGACGAGGCCTTGAGTGGATTGGAAGGATTGATCCTAATAGTGGTGGTACTAAGTACAATGAGAAGTTCAAGAGCAAGGCCACACTGACTGTAGACAAACCCTCCAGCACAGCCTACATGCAGCTCAGCAGCCTGACATCTGAGGACTCTGCGGTCTATTATTGCGCAAGATACGATTACTACGGTAGTAGCTACTTTGACTACTGGGGCCAAGGCACCACTCTCACAGTCTCCTCAGTTGAGTCCTTACAACCTCTCTCTTAAAAAAAAAAGGGGGGGGGG,,AGGTCCAACTGTAGTAGCCTGGGGCTGAGCTTGTGAAGCCTGGGGCTTCAGTGAAGCTGTCCTGCAAGGCTTCTGGCTACACCTTCACCAGCTACTGGATGCACTGGGTGAAGCAGAGGCCTGGACGAGGCCTTGAGTGGATTGGAAGGATTGATCCTAATAGTGGTGGTACTAAGTACAATGAGAAGTTCAAGAGCAAGGCCACACTGACTGTAGACAAACCCTCCAGCACAGCCTACATGCAGCTCAGCAGCCTGACATCTGAGGACTCTGCGGTCTATTATTGCGCAAGATACGATTACTACGGTAGTAGCTACTTTGACTACTGGGGCCAAGGCACCACTCTCACAGTCTCCTCAGGTGAGTCCTTACAACCTCTCTCTTAAAAAAAAAAGGGGGGGGGG,[[]],,,,,0,0,0,0,0,0,,,,,True,False,True,"{'max': 385, 'best': 384, 'min': 384}","{'max': 11, 'best': 10, 'min': 10}",,,"{'j': ['IGHJ1-1*01'], 'd': ['IGHD1-1*01'], 'v': ['IGHV1-1*01']}",0.0024752475247524753
SRR2229754.1665,IGHV1-1*01,IGHD1-1*01,IGHJ1-1*01,367,0.0024752475247524753,1,AGGTCCAACTGTAGTAGCCTGGGGCTGAGCTTGTGAAGCCTGGGGCTTCAGTGAAGCTGTCCTGCAAGGCTTCTGGCTACACCTTCACCAGCTACTGGATGCACTGGGTGAAGCAGAGGCCTGGACGAGGCCTTGAGTGGATTGGAAGGATTGATCCTAATAGTGGTGGTACTAAGTACAATGAGAAGTTCAAGAGCAAGGCCACACTGACTGTAGACAAACCCTCCAGCACAGCCTACATGCAGCTCAGCAGCCTGACATCTGAGGACTCTGCGGTCTATTATTGCGCAAGATACGATTACTACGGTAGTAGCTACTTTGACTACAGGGGCCAAGGCACCACTCTCACAGTCTCCTCAGGTGAGTCCTTACAACCTCTCTCTTAAAAAAAAAAGGGGGGGGGG,,AGGTCCAACTGTAGTAGCCTGGGGCTGAGCTTGTGAAGCCTGGGGCTTCAGTGAAGCTGTCCTGCAAGGCTTCTGGCTACACCTTCACCAGCTACTGGATGCACTGGGTGAAGCAGAGGCCTGGACGAGGCCTTGAGTGGATTGGAAGGATTGATCCTAATAGTGGTGGTACTAAGTACAATGAGAAGTTCAAGAGCAAGGCCACACTGACTGTAGACAAACCCTCCAGCACAGCCTACATGCAGCTCAGCAGCCTGACATCTGAGGACTCTGCGGTCTATTATTGCGCAAGATACGATTACTACGGTAGTAGCTACTTTGACTACTGGGGCCAAGGCACCACTCTCACAGTCTCCTCAGGTGAGTCCTTACAACCTCTCTCTTAAAAAAAAAAGGGGGGGGGG,[[]],,,,,0,0,0,0,0,0,,,,,True,False,True,"{'max': 385, 'best': 384, 'min': 384}","{'max': 11, 'best': 10, 'min': 10}",,,"{'j': ['IGHJ1-1*01'], 'd': ['IGHD1-1*01'], 'v': ['IGHV1-1*01']}",0.0024752475247524753
SRR2229754.794,IGHV1-1*01,IGHD1-1*01,IGHJ1-1*01,367,0.0024752475247524753,1,AGGTCCAACTGTAGTAGCCTGGGGCTGAGCTTGTGAAGCCTGGGGCTTCAGTGAAGCTGTCCTGCAAGGCTTCTGGCTACACCTTCACCAGCTACTGGATGCACTGGGTGAAGCAGAGGCCTGGACGAGGCCTTGAGTGGATTGGAAGGATTGATCCTAATAGTGGTGGTACTAAGTACAATGAGAAGTTCAAGAGCAAGGCCACACTGACTGTAGACAAACCCTCCAGCACAGCCTACATGCAGCTCAGCAGCCTGACATCTGAGGACTCTGCGGTCTATTATTGCGCAAGATACGATTACTACGGTAGTAGCTACTTTGACTACTGGGGCCAAGGCACCACTCTCACAGTCTCCTCAGGTGAGTCCTTACAACCTCTCTATTAAAAAAAAAAGGGGGGGGGG,,AGGTCCAACTGTAGTAGCCTGGGGCTGAGCTTGTGAAGCCTGGGGCTTCAGTGAAGCTGTCCTGCAAGGCTTCTGGCTACACCTTCACCAGCTACTGGATGCACTGGGTGAAGCAGAGGCCTGGACGAGGCCTTGAGTGGATTGGAAGGATTGATCCTAATAGTGGTGGTACTAAGTACAATGAGAAGTTCAAGAGCAAGGCCACACTGACTGTAGACAAACCCTCCAGCACAGCCTACATGCAGCTCAGCAGCCTGACATCTGAGGACTCTGCGGTCTATTATTGCGCAAGATACGATTACTACGGTAGTAGCTACTTTGACTACTGGGGCCAAGGCACCACTCTCACAGTCTCCTCAGGTGAGTCCTTACAACCTCTCTCTTAAAAAAAAAAGGGGGGGGGG,[[]],,,,,0,0,0,0,0,0,,,,,True,False,True,"{'max': 385, 'best': 384, 'min': 381}","{'max': 14, 'best': 10, 'min': 10}",,,"{'j': ['IGHJ1-1*01'], 'd': ['IGHD1-1*01'], 'v': ['IGHV1-1*01']}",0.0024752475247524753
SRR2229754.1130,IGHV1-1*01,IGHD1-1*01,IGHJ1-1*01,366,0.0,0,AGGTCCAACTGTAGTAGCCTGGGGCTGAGCTTGTGAAGCCTGGGGCTTCAGTGAAGCTGTCCTGCAAGGCTTCTGGCTACACCTTCACCAGCTACTGGATGCACTGGGTGAAGCAGAGGCCTGGACGAGGCCTTGAGTGGATTGGAAGGATTGATCCTAATAGTGGTGGTACTAAGTACAATGAGAAGTTCAAGAGCAAGGCCACACTGACTGTAGACAAACCCTCCAGCACAGCCTACATGCAGCTCAGCAGCCTGACATCTGAGGACTCTGCGGTCTATTATTGCGCAAGATACGATTACTACGGTAGTAGCTACTTTGACTACTGGGGCCAAGGCACCACTCTCACAGTCTCCTCAGGTGAGTCCTTACAACCTCCTCTTAAAAAAAAAAGGGGGGGGGG,,AGGTCCAACTGTAGTAGCCTGGGGCTGAGCTTGTGAAGCCTGGGGCTTCAGTGAAGCTGTCCTGCAAGGCTTCTGGCTACACCTTCACCAGCTACTGGATGCACTGGGTGAAGCAGAGGCCTGGACGAGGCCTTGAGTGGATTGGAAGGATTGATCCTAATAGTGGTGGTACTAAGTACAATGAGAAGTTCAAGAGCAAGGCCACACTGACTGTAGACAAACCCTCCAGCACAGCCTACATGCAGCTCAGCAGCCTGACATCTGAGGACTCTGCGGTCTATTATTGCGCAAGATACGATTACTACGGTAGTAGCTACTTTGACTACTGGGGCCAAGGCACCACTCTCACAGTCTCCTCAGGTGAGTCCTTACAACCTCCTCTTAAAAAAAAAAGGGGGGGGGG,[[]],,,,,6,0,0,0,0,0,CTCTT,,,,True,False,True,"{'max': 379, 'best': 378, 'min': 378}","{'max': 16, 'best': 15, 'min': 15}",,,"{'j': ['IGHJ1-1*01'], 'd': ['IGHD1-1*01'], 'v': ['IGHV1-1*01']}",0.0
SRR2229754.3877,IGHV1-1*01,IGHD1-1*01,IGHJ1-1*01,367,0.0024752475247524753,1,AGGTCCAACTGTAGTAGCCTGGGGCTGAGCTTGTGAAGCCTGGGGCTTCAGTGAAGCTGTCCTGCAAGGCTTCTGGCTACACCTTCACCAGCTACTGGATGCACTGGGTGAAGCAGAGGCCTGGACGAGGCCTTGAGTGGATTGGAAGGATTGATCCTAATAGTGGTGGTACTAAGTACAATGAGAAGTTCAAGAGCAAGGCCACACTGACTGTTGACAAACCCTCCAGCACAGCCTACATGCAGCTCAGCAGCCTGACATCTGAGGACTCTGCGGTCTATTATTGCGCAAGATACGATTACTACGGTAGTAGCTACTTTGACTACTGGGGCCAAGGCACCACTCTCACAGTCTCCTCAGGTGAGTCCTTACAACCTCTCTCTTAAAAAAAAAAGGGGGGGGGG,,AGGTCCAACTGTAGTAGCCTGGGGCTGAGCTTGTGAAGCCTGGGGCTTCAGTGAAGCTGTCCTGCAAGGCTTCTGGCTACACCTTCACCAGCTACTGGATGCACTGGGTGAAGCAGAGGCCTGGACGAGGCCTTGAGTGGATTGGAAGGATTGATCCTAATAGTGGTGGTACTAAGTACAATGAGAAGTTCAAGAGCAAGGCCACACTGACTGTAGACAAACCCTCCAGCACAGCCTACATGCAGCTCAGCAGCCTGACATCTGAGGACTCTGCGGTCTATTATTGCGCAAGATACGATTACTACGGTAGTAGCTACTTTGACTACTGGGGCCAAGGCACCACTCTCACAGTCTCCTCAGGTGAGTCCTTACAACCTCTCTCTTAAAAAAAAAAGGGGGGGGGG,[[]],,,,,0,0,0,0,0,0,,,,,True,False,True,"{'max': 385, 'best': 384, 'min': 384}","{'max': 11, 'best': 10, 'min': 10}",,,"{'j': ['IGHJ1-1*01'], 'd': ['IGHD1-1*01'], 'v': ['IGHV1-1*01']}",0.0024752475247524753
SRR2229754.3751,IGHV1-1*01,IGHD1-1*01,IGHJ1-1*01,367,0.0024752475247524753,1,AGGTCAAACTGTAGTAGCCTGGGGCTGAGCTTGTGAAGCCTGGGGCTTCAGTGAAGCTGTCCTGCAAGGCTTCTGGCTACACCTTCACCAGCTACTGGATGCACTGGGTGAAGCAGAGGCCTGGACGAGGCCTTGAGTGGATTGGAAGGATTGATCCTAATAGTGGTGGTACTAAGTACAATGAGAAGTTCAAGAGCAAGGCCACACTGACTGTAGACAAACCCTCCAGCACAGCCTACATGCAGCTCAGCAGCCTGACATCTGAGGACTCTGCGGTCTATTATTGCGCAAGATACGATTACTACGGTAGTAGCTACTTTGACTACTGGGGCCAAGGCACCACTCTCACAGTCTCCTCAGGTGAGTCCTTACAACCTCTCTCTTAAAAAAAAAAGGGGGGGGGG,,AGGTCCAACTGTAGTAGCCTGGGGCTGAGCTTGTGAAGCCTGGGGCTTCAGTGAAGCTGTCCTGCAAGGCTTCTGGCTACACCTTCACCAGCTACTGGATGCACTGGGTGAAGCAGAGGCCTGGACGAGGCCTTGAGTGGATTGGAAGGATTGATCCTAATAGTGGTGGTACTAAGTACAATGAGAAGTTCAAGAGCAAGGCCACACTGACTGTAGACAAACCCTCCAGCACAGCCTACATGCAGCTCAGCAGCCTGACATCTGAGGACTCTGCGGTCTATTATTGCGCAAGATACGATTACTACGGTAGTAGCTACTTTGACTACTGGGGCCAAGGCACCACTCTCACAGTCTCCTCAGGTGAGTCCTTACAACCTCTCTCTTAAAAAAAAAAGGGGGGGGGG,[[]],,,,,0,0,0,0,0,0,,,,,True,False,True,"{'max': 385, 'best': 384, 'min': 384}","{'max': 11, 'best': 10, 'min': 10}",,,"{'j': ['IGHJ1-1*01'], 'd': ['IGHD1-1*01'], 'v': ['IGHV1-1*01']}",0.0024752475247524753
SRR2229754.3235,IGHV1-1*01,IGHD1-1*01,IGHJ1-1*01,367,0.0024752475247524753,1,AGGTCCAACTGTAGTAGCCTGGGGCTGAGCTTGTGAAGCCTGGGGCTTCAGTGAAGCTGTCCTGCAAGGCCTCTGGCTACACCTTCACCAGCTACTGGATGCACTGGGTGAAGCAGAGGCCTGGACGAGGCCTTGAGTGGATTGGAAGGATTGATCCTAATAGTGGTGGTACTAAGTACAATGAGAAGTTCAAGAGCAAGGCCACACTGACTGTAGACAAACCCTCCAGCACAGCCTACATGCAGCTCAGCAGCCTGACATCTGAGGACTCTGCGGTCTATTATTGCGCAAGATACGATTACTACGGTAGTAGCTACTTTGACTACTGGGGCCAAGGCACCACTCTCACAGTCTCCTCAGGTGAGTCCTTACAACCTCTCTCTTAAAAAAAAAAGGGGGGGGGG,,AGGTCCAACTGTAGTAGCCTGGGGCTGAGCTTGTGAAGCCTGGGGCTTCAGTGAAGCTGTCCTGCAAGGCTTCTGGCTACACCTTCACCAGCTACTGGATGCACTGGGTGAAGCAGAGGCCTGGACGAGGCCTTGAGTGGATTGGAAGGATTGATCCTAATAGTGGTGGTACTAAGTACAATGAGAAGTTCAAGAGCAAGGCCACACTGACTGTAGACAAACCCTCCAGCACAGCCTACATGCAGCTCAGCAGCCTGACATCTGAGGACTCTGCGGTCTATTATTGCGCAAGATACGATTACTACGGTAGTAGCTACTTTGACTACTGGGGCCAAGGCACCACTCTCACAGTCTCCTCAGGTGAGTCCTTACAACCTCTCTCTTAAAAAAAAAAGGGGGGGGGG,[[]],,,,,0,0,0,0,0,0,,,,,True,False,True,"{'max': 385, 'best': 384, 'min': 384}","{'max': 11, 'best': 10, 'min': 10}",,,"{'j': ['IGHJ1-1*01'], 'd': ['IGHD1-1*01'], 'v': ['IGHV1-1*01']}",0.0024752475247524753
SRR2229754.3585,IGHV1-1*01,IGHD1-1*01,IGHJ1-1*01,367,0.0,0,AGGTCCAACTGTAGTAGCCTGGGGCTGAGCTTGTGAAGCCTGGGGCTTCAGTGAAGCTGTCCTGCAAGGCTTCTGGCTACACCTTCACCAGCTACTGGATGCACTGGGTGAAGCAGAGGCCTGGACGAGGCCTTGAGTGGATTGGAAGGATTGATCCTAATAGTGGTGGTACTAAGTACAATGAGAAGTTCAAGAGCAAGGCCACACTGACTGTAGACAAACCCTCCAGCACAGCCTACATGCAGCTCAGCAGCCTGACATCTGAGGACTCTGCGGTCTATTATTGCGCAAGATACGATTACTACGGTAGTAGCTACTTTGACTACTGGGGCCAAGGCACCACTCTCACAGTCTCCTCAGGTGAGTCCTTACAACCTCTCTCTTAAAAAAAAAAGGGGGGGGGG,,AGGTCCAACTGTAGTAGCCTGGGGCTGAGCTTGTGAAGCCTGGGGCTTCAGTGAAGCTGTCCTGCAAGGCTTCTGGCTACACCTTCACCAGCTACTGGATGCACTGGGTGAAGCAGAGGCCTGGACGAGGCCTTGAGTGGATTGGAAGGATTGATCCTAATAGTGGTGGTACTAAGTACAATGAGAAGTTCAAGAGCAAGGCCACACTGACTGTAGACAAACCCTCCAGCACAGCCTACATGCAGCTCAGCAGCCTGACATCTGAGGACTCTGCGGTCTATTATTGCGCAAGATACGATTACTACGGTAGTAGCTACTTTGACTACTGGGGCCAAGGCACCACTCTCACAGTCTCCTCAGGTGAGTCCTTACAACCTCTCTCTTAAAAAAAAAAGGGGGGGGGG,[[]],SRR2229754.1354:SRR2229754.1354:SRR2229754.1354,,,,0,0,0,0,0,0,,,,,True,False,True,"{'max': 385, 'best': 384, 'min': 384}","{'max': 11, 'best': 10, 'min': 10}",,,"{'j': ['IGHJ1-1*01'], 'd': ['IGHD1-1*01'], 'v': ['IGHV1-1*01']}",0.0
SRR2229754.780,IGHV1-1*01,IGHD1-1*01,IGHJ1-1*01,367,0.0024752475247524753,1,AGGTCCAACTGTAGTAGCCTGGGGCTGAGCTTGTGAAGCCTGGGGCTTCAGTGAAGCTGTCCTGCAAGGCTTCTGGCTACACCTTCACCAGCTACTGGATGCACTGGGTGAAGCAGAGGCCTGGACGAGGCCTTGAGTGGATTGGAAGGATTGATCCTAATAGTGGTGGTACTAAGTACAATGAGAAGTTCAAGAGCAAGGCCACACTGACTGTAGACAAACCCTCCAGCACAGCCTACATGCAGCTCAGCAGCCTGACATCTGAGGACTCTGCGGTCTATTATTGCGCAAGATATGATTACTACGGTAGTAGCTACTTTGACTACTGGGGCCAAGGCACCACTCTCACAGTCTCCTCAGGTGAGTCCTTACAACCTCTCTCTTAAAAAAAAAAGGGGGGGGGG,,AGGTCCAACTGTAGTAGCCTGGGGCTGAGCTTGTGAAGCCTGGGGCTTCAGTGAAGCTGTCCTGCAAGGCTTCTGGCTACACCTTCACCAGCTACTGGATGCACTGGGTGAAGCAGAGGCCTGGACGAGGCCTTGAGTGGATTGGAAGGATTGATCCTAATAGTGGTGGTACTAAGTACAATGAGAAGTTCAAGAGCAAGGCCACACTGACTGTAGACAAACCCTCCAGCACAGCCTACATGCAGCTCAGCAGCCTGACATCTGAGGACTCTGCGGTCTATTATTGCGCAAGATACGATTACTACGGTAGTAGCTACTTTGACTACTGGGGCCAAGGCACCACTCTCACAGTCTCCTCAGGTGAGTCCTTACAACCTCTCTCTTAAAAAAAAAAGGGGGGGGGG,[[]],,,,,0,0,0,0,0,0,,,,,True,False,True,"{'max': 385, 'best': 384, 'min': 384}","{'max': 11, 'best': 10, 'min': 10}",,,"{'j': ['IGHJ1-1*01'], 'd': ['IGHD1-1*01'], 'v': ['IGHV1-1*01']}",0.0024752475247524753
SRR2229754.1432,IGHV1-1*01,IGHD1-1*01,IGHJ1-1*01,367,0.0024752475247524753,1,AGGTCCAACTGTAGTAGCCTGGGGCTGAGCTTGTGAAGCCTGGGGCTTCAGTGAAGCTGTCCTGCAAGGCTTCTGGCTACACCTTCACCAGCTACTGAATGCACTGGGTGAAGCAGAGGCCTGGACGAGGCCTTGAGTGGATTGGAAGGATTGATCCTAATAGTGGTGGTACTAAGTACAATGAGAAGTTCAAGAGCAAGGCCACACTGACTGTAGACAAACCCTCCAGCACAGCCTACATGCAGCTCAGCAGCCTGACATCTGAGGACTCTGCGGTCTATTATTGCGCAAGATACGATTACTACGGTAGTAGCTACTTTGACTACTGGGGCCAAGGCACCACTCTCACAGTCTCCTCAGGTGAGTCCTTACAACCTCTCTCTTAAAAAAAAAAGGGGGGGGGG,,AGGTCCAACTGTAGTAGCCTGGGGCTGAGCTTGTGAAGCCTGGGGCTTCAGTGAAGCTGTCCTGCAAGGCTTCTGGCTACACCTTCACCAGCTACTGGATGCACTGGGTGAAGCAGAGGCCTGGACGAGGCCTTGAGTGGATTGGAAGGATTGATCCTAATAGTGGTGGTACTAAGTACAATGAGAAGTTCAAGAGCAAGGCCACACTGACTGTAGACAAACCCTCCAGCACAGCCTACATGCAGCTCAGCAGCCTGACATCTGAGGACTCTGCGGTCTATTATTGCGCAAGATACGATTACTACGGTAGTAGCTACTTTGACTACTGGGGCCAAGGCACCACTCTCACAGTCTCCTCAGGTGAGTCCTTACAACCTCTCTCTTAAAAAAAAAAGGGGGGGGGG,[[]],,,,,0,0,0,0,0,0,,,,,True,False,True,"{'max': 385, 'best': 384, 'min': 384}","{'max': 11, 'best': 10, 'min': 10}",,,"{'j': ['IGHJ1-1*01'], 'd': ['IGHD1-1*01'], 'v': ['IGHV1-1*01']}",0.0024752475247524753
SRR2229754.2602,IGHV1-1*01,IGHD1-1*01,IGHJ1-1*01,367,0.0024752475247524753,1,AGGTCCAACTGTAGTAGCCTGGGGCTGAGCTTGTGAAGCCTGGGGCTTCAGTGAAGCTGTCCTGCAAGGCTTCTGGCTACACCTTCACCAGCTACTGGATGCACTGGGTGAAGCAGAGGCCTGGACGAGGCCTTGAGTGGATTGGAAGGATTGATCCTAATAGTGGTGGTACTAAGTACAATGAGAAGTTCAAGAGCAAGGCCACACTGACTGTAGACAAACCCTCCAGCACAGCCTACATGCAGCTCAGCAGCATGACATCTGAGGACTCTGCGGTCTATTATTGCGCAAGATACGATTACTACGGTAGTAGCTACTTTGACTACTGGGGCCAAGGCACCACTCTCACAGTCTCCTCAGGTGAGTCCTTACAACCTCTCTCTTAAAAAAAAAAGGGGGGGGGG,,AGGTCCAACTGTAGTAGCCTGGGGCTGAGCTTGTGAAGCCTGGGGCTTCAGTGAAGCTGTCCTGCAAGGCTTCTGGCTACACCTTCACCAGCTACTGGATGCACTGGGTGAAGCAGAGGCCTGGACGAGGCCTTGAGTGGATTGGAAGGATTGATCCTAATAGTGGTGGTACTAAGTACAATGAGAAGTTCAAGAGCAAGGCCACACTGACTGTAGACAAACCCTCCAGCACAGCCTACATGCAGCTCAGCAGCCTGACATCTGAGGACTCTGCGGTCTATTATTGCGCAAGATACGATTACTACGGTAGTAGCTACTTTGACTACTGGGGCCAAGGCACCACTCTCACAGTCTCCTCAGGTGAGTCCTTACAACCTCTCTCTTAAAAAAAAAAGGGGGGGGGG,[[]],,,,,0,0,0,0,0,0,,,,,True,False,True,"{'max': 385, 'best': 384, 'min': 384}","{'max': 11, 'best': 10, 'min': 10}",,,"{'j': ['IGHJ1-1*01'], 'd': ['IGHD1-1*01'], 'v': ['IGHV1-1*01']}",0.0024752475247524753
SRR2229754.3816,IGHV1-1*01,IGHD1-1*01,IGHJ1-1*01,367,0.0024752475247524753,1,AGGTCCAACTGTAGTAGCCTGGGGCTGAGCTTGTGAAGCCTGGGGCTTCAGTGAAGCTGTCCTGCAAGGCTTCTGGCTACACCTTCACCAGCTACTGGATGCACTGGGTGAAGCAGAGGCCTGGACGAGGCCTTGAGTGGATTGGAAGGATTGATCCTAATAGTGGTGGTACTAAGTACAATGAGAAGTTCAAGAGCAAGGCCACACTGACTGTAGACAAACCCTCCAGCACAGCCTACATGCAGCTCAGCAGCCTGACATCTGAGGACTCTGCGGTCTATTATTGCGCAAGATACGATTACTACGGTAGTAGCTTCTTTGACTACTGGGGCCAAGGCACCACTCTCACAGTCTCCTCAGGTGAGTCCTTACAACCTCTCTCTTAAAAAAAAAAGGGGGGGGGG,,AGGTCCAACTGTAGTAGCCTGGGGCTGAGCTTGTGAAGCCTGGGGCTTCAGTGAAGCTGTCCTGCAAGGCTTCTGGCTACACCTTCACCAGCTACTGGATGCACTGGGTGAAGCAGAGGCCTGGACGAGGCCTTGAGTGGATTGGAAGGATTGATCCTAATAGTGGTGGTACTAAGTACAATGAGAAGTTCAAGAGCAAGGCCACACTGACTGTAGACAAACCCTCCAGCACAGCCTACATGCAGCTCAGCAGCCTGACATCTGAGGACTCTGCGGTCTATTATTGCGCAAGATACGATTACTACGGTAGTAGCTACTTTGACTACTGGGGCCAAGGCACCACTCTCACAGTCTCCTCAGGTGAGTCCTTACAACCTCTCTCTTAAAAAAAAAAGGGGGGGGGG,[[]],,,,,0,0,0,0,0,0,,,,,True,False,True,"{'max': 385, 'best': 384, 'min': 384}","{'max': 11, 'best': 10, 'min': 10}",,,"{'j': ['IGHJ1-1*01'], 'd': ['IGHD1-1*01'], 'v': ['IGHV1-1*01']}",0.0024752475247524753
SRR2229754.3139,IGHV1-1*01,IGHD1-1*01,IGHJ1-1*01,367,0.0024752475247524753,1,AGGTCCAACTGTAGTAGCCTGGGGCTGAGCTTGTGAAGCCTGGGGCTTCAGTGAAGCTGTCCTGCAAGGCTTCTGGCTACACCTTCACCAGCTACTGGATGCACTGGGTGAAGCAGAGGCCTGGACGAGGCCTTGAGTGGATTGGAAGGATTGATCCTAATAGTGGTGGTACTAAGTACAATGAGAAGTTCAAGAGCAAGGCCACACTGACTGTAGACAAACCCTCCAGCACAGCCTACATGCAGCTCAGCAGCCTGACATCTGAGGACTCTGCGGTCTATTATTGCGCAAGATACGATTACTACGGTAGTAGCTACTTTGACTACTGGGGCCAAGGCACCACTCTCACAGTCTCCTCAGGTGAGTCCTTACAAACTCTCTCTTAAAAAAAAAAGGGGGGGGGG,,AGGTCCAACTGTAGTAGCCTGGGGCTGAGCTTGTGAAGCCTGGGGCTTCAGTGAAGCTGTCCTGCAAGGCTTCTGGCTACACCTTCACCAGCTACTGGATGCACTGGGTGAAGCAGAGGCCTGGACGAGGCCTTGAGTGGATTGGAAGGATTGATCCTAATAGTGGTGGTACTAAGTACAATGAGAAGTTCAAGAGCAAGGCCACACTGACTGTAGACAAACCCTCCAGCACAGCCTACATGCAGCTCAGCAGCCTGACATCTGAGGACTCTGCGGTCTATTATTGCGCAAGATACGATTACTACGGTAGTAGCTACTTTGACTACTGGGGCCAAGGCACCACTCTCACAGTCTCCTCAGGTGAGTCCTTACAACCTCTCTCTTAAAAAAAAAAGGGGGGGGGG,[[]],,,,,0,0,0,0,0,0,,,,,True,False,True,"{'max': 385, 'best': 384, 'min': 384}","{'max': 11, 'best': 10, 'min': 10}",,,"{'j': ['IGHJ1-1*01'], 'd': ['IGHD1-1*01'], 'v': ['IGHV1-1*01']}",0.0024752475247524753
SRR2229754.3353,IGHV1-1*01,IGHD1-1*01,IGHJ1-1*01,367,0.0024752475247524753,1,AGGTCCAACTGTAGTAGCCTGGGGCTGAGCTTGTGAAGCCTGGGGCTTCAGTGAAGCTGTCCTGCAAGGCTTCTGGCTACACCTTCACCAGCTACTGGATGCACTGGGTGAAGCAGAGGCCTGGACGAGGCCTTGAGTGGATTGGAAGGATTGATCCTAATAGTGGTGGTACTAAGTACAATGAGAAGTTCAAGAGCAAGGCCACACTGACTGTAGACAAACCCTCCAGCACAGCCTACATGCAGCTCAGCAGCCTGACATCTGAGGACGCTGCGGTCTATTATTGCGCAAGATACGATTACTACGGTAGTAGCTACTTTGACTACTGGGGCCAAGGCACCACTCTCACAGTCTCCTCAGGTGAGTCCTTACAACCTCTCTCTTAAAAAAAAAAGGGGGGGGGG,,AGGTCCAACTGTAGTAGCCTGGGGCTGAGCTTGTGAAGCCTGGGGCTTCAGTGAAGCTGTCCTGCAAGGCTTCTGGCTACACCTTCACCAGCTACTGGATGCACTGGGTGAAGCAGAGGCCTGGACGAGGCCTTGAGTGGATTGGAAGGATTGATCCTAATAGTGGTGGTACTAAGTACAATGAGAAGTTCAAGAGCAAGGCCACACTGACTGTAGACAAACCCTCCAGCACAGCCTACATGCAGCTCAGCAGCCTGACATCTGAGGACTCTGCGGTCTATTATTGCGCAAGATACGATTACTACGGTAGTAGCTACTTTGACTACTGGGGCCAAGGCACCACTCTCACAGTCTCCTCAGGTGAGTCCTTACAACCTCTCTCTTAAAAAAAAAAGGGGGGGGGG,[[]],,,,,0,0,0,0,0,0,,,,,True,False,True,"{'max': 385, 'best': 384, 'min': 384}","{'max': 11, 'best': 10, 'min': 10}",,,"{'j': ['IGHJ1-1*01'], 'd': ['IGHD1-1*01'], 'v': ['IGHV1-1*01']}",0.0024752475247524753
SRR2229754.2014,IGHV1-1*01,IGHD1-1*01,IGHJ1-1*01,367,0.0024752475247524753,1,AGGTCCAACTGTAGTAGCCTGGGGCTGAGCTTGTGAAGCCTGGGGCTTCAGTGAAGCTGTCCTGCAAGGCTTCTGGCTACACCTTCACCAGCTACTGGATGCACTGGGTGAAGCAGAGGCCTGGACGAGGCCTTGAGTGGATTGGAAGGATTGATCCTAATAGTGGTGGTACTAAGTACAATGAGAAGTTCAAGAGCAAGGCCACACTGACTGTAGACAAACCCTCCAGCACAGCCTACATGCAGCTCAGCAGCCTGACATCTGAGGACTCTGCGGTCTATTATTGCGCAAGATACGATTACTACGGTAGTAGCTACTTTGACTACTGGGGCCAAGGCACCACTCTCACAGTCTCCTCAGGTTAGTCCTTACAACCTCTCTCTTAAAAAAAAAAGGGGGGGGGG,,AGGTCCAACTGTAGTAGCCTGGGGCTGAGCTTGTGAAGCCTGGGGCTTCAGTGAAGCTGTCCTGCAAGGCTTCTGGCTACACCTTCACCAGCTACTGGATGCACTGGGTGAAGCAGAGGCCTGGACGAGGCCTTGAGTGGATTGGAAGGATTGATCCTAATAGTGGTGGTACTAAGTACAATGAGAAGTTCAAGAGCAAGGCCACACTGACTGTAGACAAACCCTCCAGCACAGCCTACATGCAGCTCAGCAGCCTGACATCTGAGGACTCTGCGGTCTATTATTGCGCAAGATACGATTACTACGGTAGTAGCTACTTTGACTACTGGGGCCAAGGCACCACTCTCACAGTCTCCTCAGGTGAGTCCTTACAACCTCTCTCTTAAAAAAAAAAGGGGGGGGGG,[[]],,,,,0,0,0,0,0,0,,,,,True,False,True,"{'max': 385, 'best': 384, 'min': 384}","{'max': 11, 'best': 10, 'min': 10}",,,"{'j': ['IGHJ1-1*01'], 'd': ['IGHD1-1*01'], 'v': ['IGHV1-1*01']}",0.0024752475247524753
SRR2229754.3855,IGHV1-1*01,IGHD1-1*01,IGHJ1-1*01,367,0.0049504950495049506,2,AGGTCCAACTGCAGCAGCCTGGGGCTGAGCTTGTGAAGCCTGGGGCTTCAGTGAAGCTGTCCTGCAAGGCTTCTGGCTACACCTTCACCAGCTACTGGATGCACTGGGTGAAGCAGAGGCCTGGACGAGGCCTTGAGTGGATTGGAAGGATTGATCCTAATAGTGGTGGTACTAAGTACAATGAGAAGTTCAAGAGCAAGGCCACACTGACTGTAGACAAACCCTCCAGCACAGCCTACATGCAGCTCAGCAGCCTGACATCTGAGGACTCTGCGGTCTATTATTGCGCAAGATACGATTACTACGGTAGTAGCTACTTTGACTACTGGGGCCAAGGCACCACTCTCACAGTCTCCTCAGGTGAGTCCTTACAACCTCTCTCTTAAAAAAAAAAGGGGGGGGGG,,AGGTCCAACTGTAGTAGCCTGGGGCTGAGCTTGTGAAGCCTGGGGCTTCAGTGAAGCTGTCCTGCAAGGCTTCTGGCTACACCTTCACCAGCTACTGGATGCACTGGGTGAAGCAGAGGCCTGGACGAGGCCTTGAGTGGATTGGAAGGATTGATCCTAATAGTGGTGGTACTAAGTACAATGAGAAGTTCAAGAGCAAGGCCACACTGACTGTAGACAAACCCTCCAGCACAGCCTACATGCAGCTCAGCAGCCTGACATCTGAGGACTCTGCGGTCTATTATTGCGCAAGATACGATTACTACGGTAGTAGCTACTTTGACTACTGGGGCCAAGGCACCACTCTCACAGTCTCCTCAGGTGAGTCCTTACAACCTCTCTCTTAAAAAAAAAAGGGGGGGGGG,[[]],,,,,0,0,0,0,0,0,,,,,True,False,True,"{'max': 385, 'best': 384, 'min': 384}","{'max': 11, 'best': 10, 'min': 10}",,,"{'j': ['IGHJ1-1*01'], 'd': ['IGHD1-1*01'], 'v': ['IGHV1-1*01']}",0.0049504950495049506
SRR2229754.3829,IGHV1-1*01,IGHD1-1*01,IGHJ1-1*01,367,0.0,0,AGGTCCAACTGTAGTAGCCTGGGGCTGAGCTTGTGAAGCCTGGGGCTTCAGTGAAGCTGTCCTGCAAGGCTTCTGGCTACACCTTCACCAGCTACTGGATGCACTGGGTGAAGCAGAGGCCTGGACGAGGCCTTGAGTGGATTGGAAGGATTGATCCTAATAGTGGTGGTACTAAGTACAATGAGAAGTTCAAGAGCAAGGCCACACTGACTGTAGACAAACCCTCCAGCACAGCCTACATGCAGCTCAGCAGCCTGACATCTGAGGACTCTGCGGTCTATTATTGCGCAAGATACGATTACTACGGTAGTAGCTACTTTGACTACTGGGGCCAAGGCACCACTCTCACAGTCTCCTCAGGTGAGTCCTTACAACCTCTCTCTGAAAAAAAAAAGGGGGGGGGG,,AGGTCCAACTGTAGTAGCCTGGGGCTGAGCTTGTGAAGCCTGGGGCTTCAGTGAAGCTGTCCTGCAAGGCTTCTGGCTACACCTTCACCAGCTACTGGATGCACTGGGTGAAGCAGAGGCCTGGACGAGGCCTTGAGTGGATTGGAAGGATTGATCCTAATAGTGGTGGTACTAAGTACAATGAGAAGTTCAAGAGCAAGGCCACACTGACTGTAGACAAACCCTCCAGCACAGCCTACATGCAGCTCAGCAGCCTGACATCTGAGGACTCTGCGGTCTATTATTGCGCAAGATACGATTACTACGGTAGTAGCTACTTTGACTACTGGGGCCAAGGCACCACTCTCACAGTCTCCTCAGGTGAGTCCTTACAACCTCTCTCTGAAAAAAAAAAGGGGGGGGGG,[[]],,,,,1,0,0,0,0,0,G,,,,True,False,True,"{'max': 384, 'best': 383, 'min': 383}","{'max': 12, 'best': 11, 'min': 11}",,,"{'j': ['IGHJ1-1*01'], 'd': ['IGHD1-1*01'], 'v': ['IGHV1-1*01']}",0.0
SRR2229754.753,IGHV1-1*01,IGHD1-1*01,IGHJ1-1*01,367,0.0024752475247524753,1,AGGTCCAACTGTAGTAGCCTGGGGCTGAGCTTGTGAAGCCTGGGGCTTCAGTGAAGCTGTCCTGCAAGGCTTCTGGCTACACCTTCACCAGCTACTGGATGCACTGGGTGAAACAGAGGCCTGGACGAGGCCTTGAGTGGATTGGAAGGATTGATCCTAATAGTGGTGGTACTAAGTACAATGAGAAGTTCAAGAGCAAGGCCACACTGACTGTAGACAAACCCTCCAGCACAGCCTACATGCAGCTCAGCAGCCTGACATCTGAGGACTCTGCGGTCTATTATTGCGCAAGATACGATTACTACGGTAGTAGCTACTTTGACTACTGGGGCCAAGGCACCACTCTCACAGTCTCCTCAGGTGAGTCCTTACAACCTCTCTCTTAAAAAAAAAAGGGGGGGGGG,,AGGTCCAACTGTAGTAGCCTGGGGCTGAGCTTGTGAAGCCTGGGGCTTCAGTGAAGCTGTCCTGCAAGGCTTCTGGCTACACCTTCACCAGCTACTGGATGCACTGGGTGAAGCAGAGGCCTGGACGAGGCCTTGAGTGGATTGGAAGGATTGATCCTAATAGTGGTGGTACTAAGTACAATGAGAAGTTCAAGAGCAAGGCCACACTGACTGTAGACAAACCCTCCAGCACAGCCTACATGCAGCTCAGCAGCCTGACATCTGAGGACTCTGCGGTCTATTATTGCGCAAGATACGATTACTACGGTAGTAGCTACTTTGACTACTGGGGCCAAGGCACCACTCTCACAGTCTCCTCAGGTGAGTCCTTACAACCTCTCTCTTAAAAAAAAAAGGGGGGGGGG,[[]],,,,,0,0,0,0,0,0,,,,,True,False,True,"{'max': 385, 'best': 384, 'min': 384}","{'max': 11, 'best': 10, 'min': 10}",,,"{'j': ['IGHJ1-1*01'], 'd': ['IGHD1-1*01'], 'v': ['IGHV1-1*01']}",0.0024752475247524753
SRR2229754.1531,IGHV1-1*01,IGHD1-1*01,IGHJ1-1*01,367,0.0024752475247524753,1,AGGTCCAACTGTAGTAGCCTGGGGCTGAGCTTGTGAAGCCTGGGGCTTCAGTGAAGCTGTCCTGCAAGGCTTCTGGCTACACCTTCACCAGCTACTGGATGCACTGGGTGAAGCAGAGGCCTGGACGAGGCCTTGAGTGGATTGGAAGGATTGATCCTAATAGTGGTGGTACTAAGTACAATGAGAAGTTCAAGAGCAAGGCCACACTGACTGTAGACAAACCCTCCAGCACAGCCTACATGCAGCTCAGCAGCCTGACATCTGAGGACTCTGCGGTCTATTATTGCGCAAGATACGATTACTACGGTAGTAGCTACTTTGACTACTGGGGCCAAGGCACTACTCTCACAGTCTCCTCAGGTGAGTCCTTACAACCTCTCTCTTAAAAAAAAAAGGGGGGGGGG,,AGGTCCAACTGTAGTAGCCTGGGGCTGAGCTTGTGAAGCCTGGGGCTTCAGTGAAGCTGTCCTGCAAGGCTTCTGGCTACACCTTCACCAGCTACTGGATGCACTGGGTGAAGCAGAGGCCTGGACGAGGCCTTGAGTGGATTGGAAGGATTGATCCTAATAGTGGTGGTACTAAGTACAATGAGAAGTTCAAGAGCAAGGCCACACTGACTGTAGACAAACCCTCCAGCACAGCCTACATGCAGCTCAGCAGCCTGACATCTGAGGACTCTGCGGTCTATTATTGCGCAAGATACGATTACTACGGTAGTAGCTACTTTGACTACTGGGGCCAAGGCACCACTCTCACAGTCTCCTCAGGTGAGTCCTTACAACCTCTCTCTTAAAAAAAAAAGGGGGGGGGG,[[]],,,,,0,0,0,0,0,0,,,,,True,False,True,"{'max': 385, 'best': 384, 'min': 384}","{'max': 11, 'best': 10, 'min': 10}",,,"{'j': ['IGHJ1-1*01'], 'd': ['IGHD1-1*01'], 'v': ['IGHV1-1*01']}",0.0024752475247524753
SRR2229754.3790,IGHV1-1*01,IGHD1-1*01,IGHJ1-1*01,367,0.0024752475247524753,1,AGGTCCAACTGTAGTAGCCTGGGGCTGAGCTTGTGAAGCCTGGGGCTTCAGTGAAGCTGTCCTGCAAGGCTTCTGGCTACACCTTCACCAGCTACTGGATGCACTGGGTGAAGCAGAGGCCTGGACGAGGCCTTGAGTGGATTGGAAGGATTGATCCTAATAGTGGTGGTACTAAGTACAATGAGAAGTTCAAGAGCAAGGCCACACTGACTGTAGACAAACCCTCCAGCACAGCCTACATGCAGCTCAGCAGCCTGACATCTGAGGACTCTGCGGTCTATTATTGCGCAAGATACGATTACTACGGTAGTAGCTACTTTGACTACTGGGGCCAAGGCCCCACTCTCACAGTCTCCTCAGGTGAGTCCTTACAACCTCTCTCTTAAAAAAAAAAGGGGGGGGGG,,AGGTCCAACTGTAGTAGCCTGGGGCTGAGCTTGTGAAGCCTGGGGCTTCAGTGAAGCTGTCCTGCAAGGCTTCTGGCTACACCTTCACCAGCTACTGGATGCACTGGGTGAAGCAGAGGCCTGGACGAGGCCTTGAGTGGATTGGAAGGATTGATCCTAATAGTGGTGGTACTAAGTACAATGAGAAGTTCAAGAGCAAGGCCACACTGACTGTAGACAAACCCTCCAGCACAGCCTACATGCAGCTCAGCAGCCTGACATCTGAGGACTCTGCGGTCTATTATTGCGCAAGATACGATTACTACGGTAGTAGCTACTTTGACTACTGGGGCCAAGGCACCACTCTCACAGTCTCCTCAGGTGAGTCCTTACAACCTCTCTCTTAAAAAAAAAAGGGGGGGGGG,[[]],,,,,0,0,0,0,0,0,,,,,True,False,True,"{'max': 385, 'best': 384, 'min': 384}","{'max': 11, 'best': 10, 'min': 10}",,,"{'j': ['IGHJ1-1*01'], 'd': ['IGHD1-1*01'], 'v': ['IGHV1-1*01']}",0.0024752475247524753
SRR2229754.3440,IGHV1-1*01,IGHD1-1*01,IGHJ1-1*01,367,0.0024752475247524753,1,AGGTCCAACTGTAGTAGCCTGGGGCTGAGCTTGTGAAGCCTGGGGCTTCAGTGAAGCTGTCCTGAAAGGCTTCTGGCTACACCTTCACCAGCTACTGGATGCACTGGGTGAAGCAGAGGCCTGGACGAGGCCTTGAGTGGATTGGAAGGATTGATCCTAATAGTGGTGGTACTAAGTACAATGAGAAGTTCAAGAGCAAGGCCACACTGACTGTAGACAAACCCTCCAGCACAGCCTACATGCAGCTCAGCAGCCTGACATCTGAGGACTCTGCGGTCTATTATTGCGCAAGATACGATTACTACGGTAGTAGCTACTTTGACTACTGGGGCCAAGGCACCACTCTCACAGTCTCCTCAGGTGAGTCCTTACAACCTCTCTCTTAAAAAAAAAAGGGGGGGGGG,,AGGTCCAACTGTAGTAGCCTGGGGCTGAGCTTGTGAAGCCTGGGGCTTCAGTGAAGCTGTCCTGCAAGGCTTCTGGCTACACCTTCACCAGCTACTGGATGCACTGGGTGAAGCAGAGGCCTGGACGAGGCCTTGAGTGGATTGGAAGGATTGATCCTAATAGTGGTGGTACTAAGTACAATGAGAAGTTCAAGAGCAAGGCCACACTGACTGTAGACAAACCCTCCAGCACAGCCTACATGCAGCTCAGCAGCCTGACATCTGAGGACTCTGCGGTCTATTATTGCGCAAGATACGATTACTACGGTAGTAGCTACTTTGACTACTGGGGCCAAGGCACCACTCTCACAGTCTCCTCAGGTGAGTCCTTACAACCTCTCTCTTAAAAAAAAAAGGGGGGGGGG,[[]],,,,,0,0,0,0,0,0,,,,,True,False,True,"{'max': 385, 'best': 384, 'min': 384}","{'max': 11, 'best': 10, 'min': 10}",,,"{'j': ['IGHJ1-1*01'], 'd': ['IGHD1-1*01'], 'v': ['IGHV1-1*01']}",0.0024752475247524753
SRR2229754.2868,IGHV1-1*01,IGHD1-1*01,IGHJ1-1*01,367,0.0024752475247524753,1,AGGTCCAACTGTAGTAGCCTGGGGCTGAGCTTGTGAAGCCTGGGGCTTCAGTGAAGCTGTCCTGCAAGGCTTCTGGCTACACCTTCACCAGCTACTGGATGCACTGGGTGAAGCAGAGGCCTGGACGAGGCCTTGAGTGGATTGGAAGGATTGATCCTAATAGTGGTGGTACTAAGTACAATGAGAAGTTCAAGAGCAAGGCCACACTGACTGTAGACAAACCCTCCAGCACAGCCTACATGCAGCTCAGCAGCCTGACATCTGAGGACTCTGAGGTCTATTATTGCGCAAGATACGATTACTACGGTAGTAGCTACTTTGACTACTGGGGCCAAGGCACCACTCTCACAGTCTCCTCAGGTGAGTCCTTACAACCTCTCTCTTAAAAAAAAAAGGGGGGGGGG,,AGGTCCAACTGTAGTAGCCTGGGGCTGAGCTTGTGAAGCCTGGGGCTTCAGTGAAGCTGTCCTGCAAGGCTTCTGGCTACACCTTCACCAGCTACTGGATGCACTGGGTGAAGCAGAGGCCTGGACGAGGCCTTGAGTGGATTGGAAGGATTGATCCTAATAGTGGTGGTACTAAGTACAATGAGAAGTTCAAGAGCAAGGCCACACTGACTGTAGACAAACCCTCCAGCACAGCCTACATGCAGCTCAGCAGCCTGACATCTGAGGACTCTGCGGTCTATTATTGCGCAAGATACGATTACTACGGTAGTAGCTACTTTGACTACTGGGGCCAAGGCACCACTCTCACAGTCTCCTCAGGTGAGTCCTTACAACCTCTCTCTTAAAAAAAAAAGGGGGGGGGG,[[]],,,,,0,0,0,0,0,0,,,,,True,False,True,"{'max': 385, 'best': 384, 'min': 384}","{'max': 11, 'best': 10, 'min': 10}",,,"{'j': ['IGHJ1-1*01'], 'd': ['IGHD1-1*01'], 'v': ['IGHV1-1*01']}",0.0024752475247524753
SRR2229754.2645,IGHV1-1*01,IGHD1-1*01,IGHJ1-1*01,367,0.0024752475247524753,1,AGGTCCAACTGTAGTAGCCTGGGGCTGAGCTTGTGAAGCCTGGGGCTTCAGTGAAGCTGTCCTGCAAGGCTTCTGGCTACACCTTCACCAGCTACTGGATGCACTGGGTGAAGCAGAGGCCTGGACGAGGCCTTGAGTGGATTGGAAGGATTGATCCTAATAGTGGTGGTACTAAGTACAATGAGAAGTTCAAGAGCAAGGCCACACTGACTGTAGACATACCCTCCAGCACAGCCTACATGCAGCTCAGCAGCCTGACATCTGAGGACTCTGCGGTCTATTATTGCGCAAGATACGATTACTACGGTAGTAGCTACTTTGACTACTGGGGCCAAGGCACCACTCTCACAGTCTCCTCAGGTGAGTCCTTACAACCTCTCTCTTAAAAAAAAAAGGGGGGGGGG,,AGGTCCAACTGTAGTAGCCTGGGGCTGAGCTTGTGAAGCCTGGGGCTTCAGTGAAGCTGTCCTGCAAGGCTTCTGGCTACACCTTCACCAGCTACTGGATGCACTGGGTGAAGCAGAGGCCTGGACGAGGCCTTGAGTGGATTGGAAGGATTGATCCTAATAGTGGTGGTACTAAGTACAATGAGAAGTTCAAGAGCAAGGCCACACTGACTGTAGACAAACCCTCCAGCACAGCCTACATGCAGCTCAGCAGCCTGACATCTGAGGACTCTGCGGTCTATTATTGCGCAAGATACGATTACTACGGTAGTAGCTACTTTGACTACTGGGGCCAAGGCACCACTCTCACAGTCTCCTCAGGTGAGTCCTTACAACCTCTCTCTTAAAAAAAAAAGGGGGGGGGG,[[]],,,,,0,0,0,0,0,0,,,,,True,False,True,"{'max': 385, 'best': 384, 'min': 384}","{'max': 11, 'best': 10, 'min': 10}",,,"{'j': ['IGHJ1-1*01'], 'd': ['IGHD1-1*01'], 'v': ['IGHV1-1*01']}",0.0024752475247524753
SRR2229754.633,IGHV1-1*01,IGHD1-1*01,IGHJ1-1*01,367,0.0024752475247524753,1,AGGTCCAACTGTAGTAGCCTGGGGCTGAGCTTGTGAAGCCTGGGGCTTCAGTGAAGCTGTCCTGCAAGGCTTCTGGCTACACCTTCACCAGCTACTGGATGCACTGGGTGAAGCAGAGGCCTGGACGAGGCCTTGAGTGGATTGGAAGGATTGATCCTAATAGTGGTGGTACTAAGTACAATGAGAAGTTCAAGAGCAAGGCCACACTGACTGTAGACAAACCCTCCAGCACAGCCTACATGCAGCTCAGCAGCCTGACATCTGAGGACTCTGCGGTTTATTATTGCGCAAGATACGATTACTACGGTAGTAGCTACTTTGACTACTGGGGCCAAGGCACCACTCTCACAGTCTCCTCAGGTGAGTCCTTACAACCTCTCTCTTAAAAAAAAAAGGGGGGGGGG,,AGGTCCAACTGTAGTAGCCTGGGGCTGAGCTTGTGAAGCCTGGGGCTTCAGTGAAGCTGTCCTGCAAGGCTTCTGGCTACACCTTCACCAGCTACTGGATGCACTGGGTGAAGCAGAGGCCTGGACGAGGCCTTGAGTGGATTGGAAGGATTGATCCTAATAGTGGTGGTACTAAGTACAATGAGAAGTTCAAGAGCAAGGCCACACTGACTGTAGACAAACCCTCCAGCACAGCCTACATGCAGCTCAGCAGCCTGACATCTGAGGACTCTGCGGTCTATTATTGCGCAAGATACGATTACTACGGTAGTAGCTACTTTGACTACTGGGGCCAAGGCACCACTCTCACAGTCTCCTCAGGTGAGTCCTTACAACCTCTCTCTTAAAAAAAAAAGGGGGGGGGG,[[]],,,,,0,0,0,0,0,0,,,,,True,False,True,"{'max': 385, 'best': 384, 'min': 384}","{'max': 11, 'best': 10, 'min': 10}",,,"{'j': ['IGHJ1-1*01'], 'd': ['IGHD1-1*01'], 'v': ['IGHV1-1*01']}",0.0024752475247524753
SRR2229754.3612,IGHV1-1*01,IGHD1-1*01,IGHJ1-1*01,367,0.0024752475247524753,1,AGGTCCAACTGTAGTAGCCTGGGGCTGAGCTTGTGAAGCCTGGGGCTTCAGTGAAGCTGTCCTGCAAGGCTTCTGGCTACACCTTCACCATCTACTGGATGCACTGGGTGAAGCAGAGGCCTGGACGAGGCCTTGAGTGGATTGGAAGGATTGATCCTAATAGTGGTGGTACTAAGTACAATGAGAAGTTCAAGAGCAAGGCCACACTGACTGTAGACAAACCCTCCAGCACAGCCTACATGCAGCTCAGCAGCCTGACATCTGAGGACTCTGCGGTCTATTATTGCGCAAGATACGATTACTACGGTAGTAGCTACTTTGACTACTGGGGCCAAGGCACCACTCTCACAGTCTCCTCAGGTGAGTCCTTACAACCTCTCTCTTAAAAAAAAAAGGGGGGGGGG,,AGGTCCAACTGTAGTAGCCTGGGGCTGAGCTTGTGAAGCCTGGGGCTTCAGTGAAGCTGTCCTGCAAGGCTTCTGGCTACACCTTCACCAGCTACTGGATGCACTGGGTGAAGCAGAGGCCTGGACGAGGCCTTGAGTGGATTGGAAGGATTGATCCTAATAGTGGTGGTACTAAGTACAATGAGAAGTTCAAGAGCAAGGCCACACTGACTGTAGACAAACCCTCCAGCACAGCCTACATGCAGCTCAGCAGCCTGACATCTGAGGACTCTGCGGTCTATTATTGCGCAAGATACGATTACTACGGTAGTAGCTACTTTGACTACTGGGGCCAAGGCACCACTCTCACAGTCTCCTCAGGTGAGTCCTTACAACCTCTCTCTTAAAAAAAAAAGGGGGGGGGG,[[]],,,,,0,0,0,0,0,0,,,,,True,False,True,"{'max': 385, 'best': 384, 'min': 384}","{'max': 11, 'best': 10, 'min': 10}",,,"{'j': ['IGHJ1-1*01'], 'd': ['IGHD1-1*01'], 'v': ['IGHV1-1*01']}",0.0024752475247524753
SRR2229754.664,IGHV1-1*01,IGHD1-1*01,IGHJ1-1*01,366,0.0024813895781637717,1,AGGTCCAACTGTAGTAGCCTGGGGCTGAGCTTGTGAAGCCTGGGGCTTCAGTGAAGCTGTCCTGCAAGGCTTCTGGCTACACCTTCACCAGCTACTGGATGCACTGGGTGAAGCAGAGGCCTGGACGAGGCCTTGAGTGGATTGGAAGGATTGATCCTAATAGTGGTGGTACTAAGTACAATGAGAAGTTCAAGAGCAAGGCCACACTGACTGTAGACAAACCCTCCAGCACAGCCTACATGCAGCTCAGCAGCCTGACATCTGAGGACTCTGCGGTCTATTATTGCGCAAGATACGATTACTACGGTAGTAGCTACTTTGACTACTGGGGCCAAGGCACCACTCTCACAGTCTCCTCAGGTGAGTCCTTACACCTCTCTCTTAAAAAAAAAAGGGGGGGGGG,,AGGTCCAACTGTAGTAGCCTGGGGCTGAGCTTGTGAAGCCTGGGGCTTCAGTGAAGCTGTCCTGCAAGGCTTCTGGCTACACCTTCACCAGCTACTGGATGCACTGGGTGAAGCAGAGGCCTGGACGAGGCCTTGAGTGGATTGGAAGGATTGATCCTAATAGTGGTGGTACTAAGTACAATGAGAAGTTCAAGAGCAAGGCCACACTGACTGTAGACAAACCCTCCAGCACAGCCTACATGCAGCTCAGCAGCCTGACATCTGAGGACTCTGCGGTCTATTATTGCGCAAGATACGATTACTACGGTAGTAGCTACTTTGACTACTGGGGCCAAGGCACCACTCTCACAGTCTCCTCAGGTGAGTCCTTACAACTCTCTCTTAAAAAAAAAAGGGGGGGGGG,[[]],,,,,9,0,0,0,0,0,TCTCTCTT,,,,True,False,True,"{'max': 376, 'best': 375, 'min': 373}","{'max': 21, 'best': 18, 'min': 18}",,,"{'j': ['IGHJ1-1*01'], 'd': ['IGHD1-1*01'], 'v': ['IGHV1-1*01']}",0.0024813895781637717
SRR2229754.1536,IGHV1-1*01,IGHD1-1*01,IGHJ1-1*01,367,0.0024752475247524753,1,AGGTCCAACTGTAGTAGCCTGGGGCTGAGCTTGTGAAGCCTGGGGCTTCAGTGAAGCTGTCCTGCAAGGCTTCTGGCTACACCTTCACCAGCTACTGGATGCACTGGGTGAAGCAGAGGCCTGGATGAGGCCTTGAGTGGATTGGAAGGATTGATCCTAATAGTGGTGGTACTAAGTACAATGAGAAGTTCAAGAGCAAGGCCACACTGACTGTAGACAAACCCTCCAGCACAGCCTACATGCAGCTCAGCAGCCTGACATCTGAGGACTCTGCGGTCTATTATTGCGCAAGATACGATTACTACGGTAGTAGCTACTTTGACTACTGGGGCCAAGGCACCACTCTCACAGTCTCCTCAGGTGAGTCCTTACAACCTCTCTCTTAAAAAAAAAAGGGGGGGGGG,,AGGTCCAACTGTAGTAGCCTGGGGCTGAGCTTGTGAAGCCTGGGGCTTCAGTGAAGCTGTCCTGCAAGGCTTCTGGCTACACCTTCACCAGCTACTGGATGCACTGGGTGAAGCAGAGGCCTGGACGAGGCCTTGAGTGGATTGGAAGGATTGATCCTAATAGTGGTGGTACTAAGTACAATGAGAAGTTCAAGAGCAAGGCCACACTGACTGTAGACAAACCCTCCAGCACAGCCTACATGCAGCTCAGCAGCCTGACATCTGAGGACTCTGCGGTCTATTATTGCGCAAGATACGATTACTACGGTAGTAGCTACTTTGACTACTGGGGCCAAGGCACCACTCTCACAGTCTCCTCAGGTGAGTCCTTACAACCTCTCTCTTAAAAAAAAAAGGGGGGGGGG,[[]],,,,,0,0,0,0,0,0,,,,,True,False,True,"{'max': 385, 'best': 384, 'min': 384}","{'max': 11, 'best': 10, 'min': 10}",,,"{'j': ['IGHJ1-1*01'], 'd': ['IGHD1-1*01'], 'v': ['IGHV1-1*01']}",0.0024752475247524753
SRR2229754.1595,IGHV1-1*01,IGHD1-1*01,IGHJ1-1*01,367,0.0024752475247524753,1,AGGTCCAACTGTAGTAGCCTGGGGCTGAGCTTGTGAAGCCTGGGGCTTCAGTGAAGCTGTCCTGCAAGGCTTCTGGCTACACCTTCACCAGCTACTGGATGCACTGGGTGAAGCAGAGGCCTGGACGAGGCCTTGAGTGGATTGGAAGGATTGATCCTAATAGTGGTGGTACTAAGTACAATGAGAAGTTCAAGAGCAAGGCCACACTGACTGTAGACAAACCCTCCAGCACAGCCTACATGCAGCTCAGCAGCCTTACATCTGAGGACTCTGCGGTCTATTATTGCGCAAGATACGATTACTACGGTAGTAGCTACTTTGACTACTGGGGCCAAGGCACCACTCTCACAGTCTCCTCAGGTGAGTCCTTACAACCTCTCTCTTAAAAAAAAAAGGGGGGGGGG,,AGGTCCAACTGTAGTAGCCTGGGGCTGAGCTTGTGAAGCCTGGGGCTTCAGTGAAGCTGTCCTGCAAGGCTTCTGGCTACACCTTCACCAGCTACTGGATGCACTGGGTGAAGCAGAGGCCTGGACGAGGCCTTGAGTGGATTGGAAGGATTGATCCTAATAGTGGTGGTACTAAGTACAATGAGAAGTTCAAGAGCAAGGCCACACTGACTGTAGACAAACCCTCCAGCACAGCCTACATGCAGCTCAGCAGCCTGACATCTGAGGACTCTGCGGTCTATTATTGCGCAAGATACGATTACTACGGTAGTAGCTACTTTGACTACTGGGGCCAAGGCACCACTCTCACAGTCTCCTCAGGTGAGTCCTTACAACCTCTCTCTTAAAAAAAAAAGGGGGGGGGG,[[]],,,,,0,0,0,0,0,0,,,,,True,False,True,"{'max': 385, 'best': 384, 'min': 384}","{'max': 11, 'best': 10, 'min': 10}",,,"{'j': ['IGHJ1-1*01'], 'd': ['IGHD1-1*01'], 'v': ['IGHV1-1*01']}",0.0024752475247524753
SRR2229754.270,IGHV1-1*01,IGHD1-1*01,IGHJ1-1*01,367,0.0024752475247524753,1,AGGTCCAACTGTAGTAGCCTGGGGCTGAGCTTGTGAAGCCTGGGGCTTCAGTGAAGCTGTCCTGCAAGGCTTCTGGCTACACCTTCACCAGCTACTGGATGCACTGGGTGAAGCAGAGGCCTGGACGAGGCCTTGAGTGGATTGGAAGGATTGATCCTAATAGTGGTGGTACTAAGTACAATGAGAAGTTCAAGAGCAAGGCCACACTGACTGTAGACAAACCCTCCAGCACAGCCTACATGCAGCTCAGCAGCCTGACATCTGAGGACTCTGCGGTCTATTATTGCGCAAGATACGATTACTACGGTAGTAGCTACTTTTACTACTGGGGCCAAGGCACCACTCTCACAGTCTCCTCAGGTGAGTCCTTACAACCTCTCTCTTAAAAAAAAAAGGGGGGGGGG,,AGGTCCAACTGTAGTAGCCTGGGGCTGAGCTTGTGAAGCCTGGGGCTTCAGTGAAGCTGTCCTGCAAGGCTTCTGGCTACACCTTCACCAGCTACTGGATGCACTGGGTGAAGCAGAGGCCTGGACGAGGCCTTGAGTGGATTGGAAGGATTGATCCTAATAGTGGTGGTACTAAGTACAATGAGAAGTTCAAGAGCAAGGCCACACTGACTGTAGACAAACCCTCCAGCACAGCCTACATGCAGCTCAGCAGCCTGACATCTGAGGACTCTGCGGTCTATTATTGCGCAAGATACGATTACTACGGTAGTAGCTACTTTGACTACTGGGGCCAAGGCACCACTCTCACAGTCTCCTCAGGTGAGTCCTTACAACCTCTCTCTTAAAAAAAAAAGGGGGGGGGG,[[]],,,,,0,0,0,0,0,0,,,,,True,False,True,"{'max': 385, 'best': 384, 'min': 384}","{'max': 11, 'best': 10, 'min': 10}",,,"{'j': ['IGHJ1-1*01'], 'd': ['IGHD1-1*01'], 'v': ['IGHV1-1*01']}",0.0024752475247524753
SRR2229754.1004,IGHV1-1*01,IGHD1-1*01,IGHJ1-1*01,367,0.0024752475247524753,1,AGGTCCAACTGTAGTAGCCTGGGGCTGAGCTTGTGAAGCCTGGGGCTTCAGTGAAGCTGTCCTGCAAGGCTTCTGGCTACACCTTCACCAGCTTCTGGATGCACTGGGTGAAGCAGAGGCCTGGACGAGGCCTTGAGTGGATTGGAAGGATTGATCCTAATAGTGGTGGTACTAAGTACAATGAGAAGTTCAAGAGCAAGGCCACACTGACTGTAGACAAACCCTCCAGCACAGCCTACATGCAGCTCAGCAGCCTGACATCTGAGGACTCTGCGGTCTATTATTGCGCAAGATACGATTACTACGGTAGTAGCTACTTTGACTACTGGGGCCAAGGCACCACTCTCACAGTCTCCTCAGGTGAGTCCTTACAACCTCTCTCTTAAAAAAAAAAGGGGGGGGGG,,AGGTCCAACTGTAGTAGCCTGGGGCTGAGCTTGTGAAGCCTGGGGCTTCAGTGAAGCTGTCCTGCAAGGCTTCTGGCTACACCTTCACCAGCTACTGGATGCACTGGGTGAAGCAGAGGCCTGGACGAGGCCTTGAGTGGATTGGAAGGATTGATCCTAATAGTGGTGGTACTAAGTACAATGAGAAGTTCAAGAGCAAGGCCACACTGACTGTAGACAAACCCTCCAGCACAGCCTACATGCAGCTCAGCAGCCTGACATCTGAGGACTCTGCGGTCTATTATTGCGCAAGATACGATTACTACGGTAGTAGCTACTTTGACTACTGGGGCCAAGGCACCACTCTCACAGTCTCCTCAGGTGAGTCCTTACAACCTCTCTCTTAAAAAAAAAAGGGGGGGGGG,[[]],,,,,0,0,0,0,0,0,,,,,True,False,True,"{'max': 385, 'best': 384, 'min': 384}","{'max': 11, 'best': 10, 'min': 10}",,,"{'j': ['IGHJ1-1*01'], 'd': ['IGHD1-1*01'], 'v': ['IGHV1-1*01']}",0.0024752475247524753
SRR2229754.2960,IGHV1-1*01,IGHD1-1*01,IGHJ1-1*01,367,0.0024752475247524753,1,AGGTCCAACTGTAGTAGCCTGGGGCTGAGCTTGTGAAGCCTGGGGCTTCAGTGAAGCTGTCCTGCAAGGCTTCTGGCTACACCTTCACCAGCTACTGGATGCACTGGGTGAAGCAGAGGCCTGGACGAGGCCTTGAGTGGATTGGAAGGATTGATCCTAATAGTGGTGGTACTAAGTACAATGAGAAGTTCAAGAGCAAGGCCACACTGACTGTAGACAAACCCTCCAGCACAGCCTACATGCAGCTCAGCAGCCTGACATCTGAGGACTCTGCGGTCTATTATTGCGCAAGATACGATTACTACGGTAGTAGCTACTTTGACTACTGGGGCCAAGGCACCACTCTCACAGTCTCCTTAGGTGAGTCCTTACAACCTCTCTCTTAAAAAAAAAAGGGGGGGGGG,,AGGTCCAACTGTAGTAGCCTGGGGCTGAGCTTGTGAAGCCTGGGGCTTCAGTGAAGCTGTCCTGCAAGGCTTCTGGCTACACCTTCACCAGCTACTGGATGCACTGGGTGAAGCAGAGGCCTGGACGAGGCCTTGAGTGGATTGGAAGGATTGATCCTAATAGTGGTGGTACTAAGTACAATGAGAAGTTCAAGAGCAAGGCCACACTGACTGTAGACAAACCCTCCAGCACAGCCTACATGCAGCTCAGCAGCCTGACATCTGAGGACTCTGCGGTCTATTATTGCGCAAGATACGATTACTACGGTAGTAGCTACTTTGACTACTGGGGCCAAGGCACCACTCTCACAGTCTCCTCAGGTGAGTCCTTACAACCTCTCTCTTAAAAAAAAAAGGGGGGGGGG,[[]],,,,,0,0,0,0,0,0,,,,,True,False,True,"{'max': 385, 'best': 384, 'min': 384}","{'max': 11, 'best': 10, 'min': 10}",,,"{'j': ['IGHJ1-1*01'], 'd': ['IGHD1-1*01'], 'v': ['IGHV1-1*01']}",0.0024752475247524753
SRR2229754.318,IGHV1-1*01,IGHD1-1*01,IGHJ1-1*01,367,0.0024752475247524753,1,AGGTCCAACTGTAGTAGCCTGGGGCTGAGCTTGTGAAGCCTGGGGCTTCAGTGAAGCTGTCCTGCAAGGCTTCTGGCTACACCTTCACCAGCTACTGGATGCACTGGGTGAAGCAGAGGCCTGGACGAGGCCTTGAGTGGATTGGAAGGATTGATCCTAATAGTGGTGGTACTAAGTACAATGAGAAGTTCAAGAGCAAGGCCACACTGATTGTAGACAAACCCTCCAGCACAGCCTACATGCAGCTCAGCAGCCTGACATCTGAGGACTCTGCGGTCTATTATTGCGCAAGATACGATTACTACGGTAGTAGCTACTTTGACTACTGGGGCCAAGGCACCACTCTCACAGTCTCCTCAGGTGAGTCCTTACAACCTCTCTCTTAAAAAAAAAAGGGGGGGGGG,,AGGTCCAACTGTAGTAGCCTGGGGCTGAGCTTGTGAAGCCTGGGGCTTCAGTGAAGCTGTCCTGCAAGGCTTCTGGCTACACCTTCACCAGCTACTGGATGCACTGGGTGAAGCAGAGGCCTGGACGAGGCCTTGAGTGGATTGGAAGGATTGATCCTAATAGTGGTGGTACTAAGTACAATGAGAAGTTCAAGAGCAAGGCCACACTGACTGTAGACAAACCCTCCAGCACAGCCTACATGCAGCTCAGCAGCCTGACATCTGAGGACTCTGCGGTCTATTATTGCGCAAGATACGATTACTACGGTAGTAGCTACTTTGACTACTGGGGCCAAGGCACCACTCTCACAGTCTCCTCAGGTGAGTCCTTACAACCTCTCTCTTAAAAAAAAAAGGGGGGGGGG,[[]],,,,,0,0,0,0,0,0,,,,,True,False,True,"{'max': 385, 'best': 384, 'min': 384}","{'max': 11, 'best': 10, 'min': 10}",,,"{'j': ['IGHJ1-1*01'], 'd': ['IGHD1-1*01'], 'v': ['IGHV1-1*01']}",0.0024752475247524753
SRR2229754.672,IGHV1-1*01,IGHD1-1*01,IGHJ1-1*01,367,0.0024752475247524753,1,AGGTCCAACTGTAGTAGCCTGGGGCTGAGCTTGTGAAGCCTGGGGCTTCAGTGAAGCTGTCCTGCAAGGCTTCTGGCTACACCTTCACCAGCTACTGGATGCACTGGGTGAAGCAGAGGCCTGGACGAGGCCTTGAGTGGATTGGAAGGATTGATCCTAATAGTGGTGGTACTAAGTACAATGAGAAGTTCAAGAGCAAGGCCACACTGACTGTAGACAAACCCTCCAGCACAGCCTACATGCAGCTCAGCAGCCTGACATCTGAGGACTCTGCGGTCTATTATTGCGCAAGATACGATTACTACGGTAGTAGCTACTTTGACTACTGGGGCCAAGGCACCACTCTCACAGTCTCCTCAGGTGAGTACTTACAACCTCTCTCTTAAAAAAAAAAGGGGGGGGGG,,AGGTCCAACTGTAGTAGCCTGGGGCTGAGCTTGTGAAGCCTGGGGCTTCAGTGAAGCTGTCCTGCAAGGCTTCTGGCTACACCTTCACCAGCTACTGGATGCACTGGGTGAAGCAGAGGCCTGGACGAGGCCTTGAGTGGATTGGAAGGATTGATCCTAATAGTGGTGGTACTAAGTACAATGAGAAGTTCAAGAGCAAGGCCACACTGACTGTAGACAAACCCTCCAGCACAGCCTACATGCAGCTCAGCAGCCTGACATCTGAGGACTCTGCGGTCTATTATTGCGCAAGATACGATTACTACGGTAGTAGCTACTTTGACTACTGGGGCCAAGGCACCACTCTCACAGTCTCCTCAGGTGAGTCCTTACAACCTCTCTCTTAAAAAAAAAAGGGGGGGGGG,[[]],,,,,0,0,0,0,0,0,,,,,True,False,True,"{'max': 385, 'best': 384, 'min': 384}","{'max': 11, 'best': 10, 'min': 10}",,,"{'j': ['IGHJ1-1*01'], 'd': ['IGHD1-1*01'], 'v': ['IGHV1-1*01']}",0.0024752475247524753
SRR2229754.768,IGHV1-1*01,IGHD1-1*01,IGHJ1-1*01,367,0.0,0,AGGTCCAACTGTAGTAGCCTGGGGCTGAGCTTGTGAAGCCTGGGGCTTCAGTGAAGCTGTCCTGCAAGGCTTCTGGCTACACCTTCACCAGCTACTGGATGCACTGGGTGAAGCAGAGGCCTGGACGAGGCCTTGAGTGGATTGGAAGGATTGATCCTAATAGTGGTGGTACTAAGTACAATGAGAAGTTCAAGAGCAAGGCCACACTGACTGTAGACAAACCCTCCAGCACAGCCTACATGCAGCTCAGCAGCCTGACATCTGAGGACTCTGCGGTCTATTATTGCGCAAGATACGATTACTACGGTAGTAGCTACTTTGACTACTGGGGCCAAGGCACCACTCTCACAGTCTCCTCAGGTGAGTCCTACAACCTCTCTCTTAAAAAAAAAAGGGGGGGGGG,AGGTCCAACTGTAGTAGCCTGGGGCTGAGCTTGTGAAGCCTGGGGCTTCAGTGAAGCTGTCCTGCAAGGCTTCTGGCTACACCTTCACCAGCTACTGGATGCACTGGGTGAAGCAGAGGCCTGGACGAGGCCTTGAGTGGATTGGAAGGATTGATCCTAATAGTGGTGGTACTAAGTACAATGAGAAGTTCAAGAGCAAGGCCACACTGACTGTAGACAAACCCTCCAGCACAGCCTACATGCAGCTCAGCAGCCTGACATCTGAGGACTCTGCGGTCTATTATTGCGCAAGATACGATTACTACGGTAGTAGCTACTTTGACTACTGGGGCCAAGGCACCACTCTCACAGTCTCCTCAGGTGAGTCCTTACAACCTCTCTCTTAAAAAAAAAAGGGGGGGGGG,AGGTCCAACTGTAGTAGCCTGGGGCTGAGCTTGTGAAGCCTGGGGCTTCAGTGAAGCTGTCCTGCAAGGCTTCTGGCTACACCTTCACCAGCTACTGGATGCACTGGGTGAAGCAGAGGCCTGGACGAGGCCTTGAGTGGATTGGAAGGATTGATCCTAATAGTGGTGGTACTAAGTACAATGAGAAGTTCAAGAGCAAGGCCACACTGACTGTAGACAAACCCTCCAGCACAGCCTACATGCAGCTCAGCAGCCTGACATCTGAGGACTCTGCGGTCTATTATTGCGCAAGATACGATTACTACGGTAGTAGCTACTTTGACTACTGGGGCCAAGGCACCACTCTCACAGTCTCCTCAGGTGAGTCCTTACAACCTCTCTCTTAAAAAAAAAAGGGGGGGGGG,"[[{'seqstr': 'T', 'type': 'deletion', 'pos': 368, 'len': 1}]]",,,,,0,0,0,0,0,0,,,,,True,False,True,"{'max': 385, 'best': 384, 'min': 384}","{'max': 11, 'best': 10, 'min': 10}",,,"{'j': ['IGHJ1-1*01'], 'd': ['IGHD1-1*01'], 'v': ['IGHV1-1*01']}",0.0
SRR2229754.2568,IGHV1-1*01,IGHD1-1*01,IGHJ1-1*01,367,0.0024752475247524753,1,AGGTCCAACTGTAGTAGCCTGTGGCTGAGCTTGTGAAGCCTGGGGCTTCAGTGAAGCTGTCCTGCAAGGCTTCTGGCTACACCTTCACCAGCTACTGGATGCACTGGGTGAAGCAGAGGCCTGGACGAGGCCTTGAGTGGATTGGAAGGATTGATCCTAATAGTGGTGGTACTAAGTACAATGAGAAGTTCAAGAGCAAGGCCACACTGACTGTAGACAAACCCTCCAGCACAGCCTACATGCAGCTCAGCAGCCTGACATCTGAGGACTCTGCGGTCTATTATTGCGCAAGATACGATTACTACGGTAGTAGCTACTTTGACTACTGGGGCCAAGGCACCACTCTCACAGTCTCCTCAGGTGAGTCCTTACAACCTCTCTCTTAAAAAAAAAAGGGGGGGGGG,,AGGTCCAACTGTAGTAGCCTGGGGCTGAGCTTGTGAAGCCTGGGGCTTCAGTGAAGCTGTCCTGCAAGGCTTCTGGCTACACCTTCACCAGCTACTGGATGCACTGGGTGAAGCAGAGGCCTGGACGAGGCCTTGAGTGGATTGGAAGGATTGATCCTAATAGTGGTGGTACTAAGTACAATGAGAAGTTCAAGAGCAAGGCCACACTGACTGTAGACAAACCCTCCAGCACAGCCTACATGCAGCTCAGCAGCCTGACATCTGAGGACTCTGCGGTCTATTATTGCGCAAGATACGATTACTACGGTAGTAGCTACTTTGACTACTGGGGCCAAGGCACCACTCTCACAGTCTCCTCAGGTGAGTCCTTACAACCTCTCTCTTAAAAAAAAAAGGGGGGGGGG,[[]],,,,,0,0,0,0,0,0,,,,,True,False,True,"{'max': 385, 'best': 384, 'min': 384}","{'max': 11, 'best': 10, 'min': 10}",,,"{'j': ['IGHJ1-1*01'], 'd': ['IGHD1-1*01'], 'v': ['IGHV1-1*01']}",0.0024752475247524753
SRR2229754.306,IGHV1-1*01,IGHD1-1*01,IGHJ1-1*01,367,0.0,0,AGGTCCAACTGTAGTAGCCTGGGGCTGAGCTTGTGAAGCCTGGGGCTTCAGTGAAGCTGTCCTGCAAGGCTTCTGGCTACACCTTCACCAGCTACTGGATGCACTGGGTGAAGCAGAGGCCTGGACGAGGCCTTGAGTGGATTGGAAGGATTGATCCTAATAGTGGTGGTACTAAGTACAATGAGAAGTTCAAGAGCAAGGCCACACTGACTGTAGACAAACCCTCCAGCACAGCCTACATGCAGCTCAGCAGCCTGACATCTGAGGACTCTGCGGTCTATTATTGCGCAAGATACGATTACTACGGTAGTAGCTACTTTGACTACTGGGGCCAAGGCACCACTCTCACAGTCTCCTCAGGTGAGTCTTACAACCTCTCTCTTAAAAAAAAAAGGGGGGGGGG,AGGTCCAACTGTAGTAGCCTGGGGCTGAGCTTGTGAAGCCTGGGGCTTCAGTGAAGCTGTCCTGCAAGGCTTCTGGCTACACCTTCACCAGCTACTGGATGCACTGGGTGAAGCAGAGGCCTGGACGAGGCCTTGAGTGGATTGGAAGGATTGATCCTAATAGTGGTGGTACTAAGTACAATGAGAAGTTCAAGAGCAAGGCCACACTGACTGTAGACAAACCCTCCAGCACAGCCTACATGCAGCTCAGCAGCCTGACATCTGAGGACTCTGCGGTCTATTATTGCGCAAGATACGATTACTACGGTAGTAGCTACTTTGACTACTGGGGCCAAGGCACCACTCTCACAGTCTCCTCAGGTGAGTCCTTACAACCTCTCTCTTAAAAAAAAAAGGGGGGGGGG,AGGTCCAACTGTAGTAGCCTGGGGCTGAGCTTGTGAAGCCTGGGGCTTCAGTGAAGCTGTCCTGCAAGGCTTCTGGCTACACCTTCACCAGCTACTGGATGCACTGGGTGAAGCAGAGGCCTGGACGAGGCCTTGAGTGGATTGGAAGGATTGATCCTAATAGTGGTGGTACTAAGTACAATGAGAAGTTCAAGAGCAAGGCCACACTGACTGTAGACAAACCCTCCAGCACAGCCTACATGCAGCTCAGCAGCCTGACATCTGAGGACTCTGCGGTCTATTATTGCGCAAGATACGATTACTACGGTAGTAGCTACTTTGACTACTGGGGCCAAGGCACCACTCTCACAGTCTCCTCAGGTGAGTCCTTACAACCTCTCTCTTAAAAAAAAAAGGGGGGGGGG,"[[{'seqstr': 'C', 'type': 'deletion', 'pos': 366, 'len': 1}]]",,,,,0,0,0,0,0,0,,,,,True,False,True,"{'max': 385, 'best': 384, 'min': 384}","{'max': 11, 'best': 10, 'min': 10}",,,"{'j': ['IGHJ1-1*01'], 'd': ['IGHD1-1*01'], 'v': ['IGHV1-1*01']}",0.0
SRR2229754.4107,IGHV1-1*01,IGHD1-1*01,IGHJ1-1*01,366,0.0,0,AGGTCCAACTGTAGTAGCCTGGGGCTGAGCTTGTGAAGCCTGGGGCTTCAGTGAAGCTGTCCTGCAAGGCTTCTGGCTACACCTTCACCAGCTACTGGATGCACTGGGTGAAGCAGAGGCCTGGACGAGGCCTTGAGTGGATTGGAAGGATTGATCCTAATAGTGGTGGTACTAAGTACAATGAGAAGTTCAAGAGCAAGGCCACACTGACTGTAGACAAACCCTCCAGCACAGCCTACATGCAGCTCAGCAGCCTGACATCTGAGGACTCTGCGGTCTATTATTGCGCAAGATACGATTACTACGGTAGTAGCTACTTTGACTACTGGGGCCAAGGCACCACTCTCACAGTCTCCTCAGGTGAGTCCTTACAACCTCTCTCTAAAAAAAAAAGGGGGGGGGG,,AGGTCCAACTGTAGTAGCCTGGGGCTGAGCTTGTGAAGCCTGGGGCTTCAGTGAAGCTGTCCTGCAAGGCTTCTGGCTACACCTTCACCAGCTACTGGATGCACTGGGTGAAGCAGAGGCCTGGACGAGGCCTTGAGTGGATTGGAAGGATTGATCCTAATAGTGGTGGTACTAAGTACAATGAGAAGTTCAAGAGCAAGGCCACACTGACTGTAGACAAACCCTCCAGCACAGCCTACATGCAGCTCAGCAGCCTGACATCTGAGGACTCTGCGGTCTATTATTGCGCAAGATACGATTACTACGGTAGTAGCTACTTTGACTACTGGGGCCAAGGCACCACTCTCACAGTCTCCTCAGGTGAGTCCTTACAACCTCTCTCTAAAAAAAAAAGGGGGGGGGG,[[]],,,,,1,0,0,0,0,0,,,,,True,False,True,"{'max': 384, 'best': 383, 'min': 383}","{'max': 11, 'best': 10, 'min': 10}",,,"{'j': ['IGHJ1-1*01'], 'd': ['IGHD1-1*01'], 'v': ['IGHV1-1*01']}",0.0
SRR2229754.3479,IGHV1-1*01,IGHD1-1*01,IGHJ1-1*01,367,0.0024752475247524753,1,AGGTCCAACTGTAGTAGCCTGGGGCTGAGCTTGTGAAGCCTGGGGCTTCAGTGAAGCTGTCCTGCAAGGCTTCTGGCTACACCTTCACCAGCTACTGGATGCACTGGGTGAAGCAGAGGCCTGGACGAGGCCTTGAGTGGATTGGAAGGATTGATCCTAATAGTGGTGGTACTAAGTACAATGAGAAGTTCAAGAGCAAGGCCACACTGACTGTAGACAAACCCTCCAGCACAGCCTACATGCAGCTCAGCAGTCTGACATCTGAGGACTCTGCGGTCTATTATTGCGCAAGATACGATTACTACGGTAGTAGCTACTTTGACTACTGGGGCCAAGGCACCACTCTCACAGTCTCCTCAGGTGAGTCCTTACAACCTCTCTCTTAAAAAAAAAAGGGGGGGGGG,,AGGTCCAACTGTAGTAGCCTGGGGCTGAGCTTGTGAAGCCTGGGGCTTCAGTGAAGCTGTCCTGCAAGGCTTCTGGCTACACCTTCACCAGCTACTGGATGCACTGGGTGAAGCAGAGGCCTGGACGAGGCCTTGAGTGGATTGGAAGGATTGATCCTAATAGTGGTGGTACTAAGTACAATGAGAAGTTCAAGAGCAAGGCCACACTGACTGTAGACAAACCCTCCAGCACAGCCTACATGCAGCTCAGCAGCCTGACATCTGAGGACTCTGCGGTCTATTATTGCGCAAGATACGATTACTACGGTAGTAGCTACTTTGACTACTGGGGCCAAGGCACCACTCTCACAGTCTCCTCAGGTGAGTCCTTACAACCTCTCTCTTAAAAAAAAAAGGGGGGGGGG,[[]],,,,,0,0,0,0,0,0,,,,,True,False,True,"{'max': 385, 'best': 384, 'min': 384}","{'max': 11, 'best': 10, 'min': 10}",,,"{'j': ['IGHJ1-1*01'], 'd': ['IGHD1-1*01'], 'v': ['IGHV1-1*01']}",0.0024752475247524753
SRR2229754.1194,IGHV1-1*01,IGHD1-1*01,IGHJ1-1*01,367,0.0024752475247524753,1,AGGTCCAACTGTAGTAGCCTGGGGCTGAGCTTGTGAAGCCTGGGGCTTCAGTGAAGCTGTCCTGCAAGGCTTCTGGCTACACCTTCACCAGCTACTGGATGCACTGGGTGAAGCAGAGGCCTGGACGAGGCCTTGAGTGGATTGGAAGGATTGATCCTAATAGTGGTGGTACTAAGTACAATGAGAAGTTCAAGAGCAAGGCCACACTGACTGTAGACAAACCCTCCAGCACAGCCTACATGCAGCTCAGCAGCCTGACATCTGAGGACTCTGCGGTCTATTATTGCGCAAGATACGATTACTACGGTAGTAGCTACTTTGACTACTGGGGCCAAGGCACCACTCTCACAGTCTCCTCAGGTGAGTCCTTACAACCGCTCTCTTAAAAAAAAAAGGGGGGGGGG,,AGGTCCAACTGTAGTAGCCTGGGGCTGAGCTTGTGAAGCCTGGGGCTTCAGTGAAGCTGTCCTGCAAGGCTTCTGGCTACACCTTCACCAGCTACTGGATGCACTGGGTGAAGCAGAGGCCTGGACGAGGCCTTGAGTGGATTGGAAGGATTGATCCTAATAGTGGTGGTACTAAGTACAATGAGAAGTTCAAGAGCAAGGCCACACTGACTGTAGACAAACCCTCCAGCACAGCCTACATGCAGCTCAGCAGCCTGACATCTGAGGACTCTGCGGTCTATTATTGCGCAAGATACGATTACTACGGTAGTAGCTACTTTGACTACTGGGGCCAAGGCACCACTCTCACAGTCTCCTCAGGTGAGTCCTTACAACCTCTCTCTTAAAAAAAAAAGGGGGGGGGG,[[]],,,,,0,0,0,0,0,0,,,,,True,False,True,"{'max': 385, 'best': 384, 'min': 384}","{'max': 11, 'best': 10, 'min': 10}",,,"{'j': ['IGHJ1-1*01'], 'd': ['IGHD1-1*01'], 'v': ['IGHV1-1*01']}",0.0024752475247524753
SRR2229754.1549,IGHV1-1*01,IGHD1-1*01,IGHJ1-1*01,367,0.0024752475247524753,1,AGGTCCAACTGTAGTAGCCTGGGGCTGAGCTTGTGAAGCCTGGGGCTTCAGTGAAGCTGTCCTGCAAGGCTTCTGGCTACACCTTCACCAGCTACTGGATGCACTGGGTGAAGCAGAGGCCTGGACGAGGCCTTGAGTGGATTGGAAGGATTGATCCTAATAGTGGTGGTACTAAGTACAATGAGAAGTTCAAGAGCAAGGCCACACTGACTGTAGACAAACCCTCCAGCACAGCCTACATGCAGCTCAGCAGCCTGACATCTGAGGACTCTGTGGTCTATTATTGCGCAAGATACGATTACTACGGTAGTAGCTACTTTGACTACTGGGGCCAAGGCACCACTCTCACAGTCTCCTCAGGTGAGTCCTTACAACCTCTCTCTTAAAAAAAAAAGGGGGGGGGG,,AGGTCCAACTGTAGTAGCCTGGGGCTGAGCTTGTGAAGCCTGGGGCTTCAGTGAAGCTGTCCTGCAAGGCTTCTGGCTACACCTTCACCAGCTACTGGATGCACTGGGTGAAGCAGAGGCCTGGACGAGGCCTTGAGTGGATTGGAAGGATTGATCCTAATAGTGGTGGTACTAAGTACAATGAGAAGTTCAAGAGCAAGGCCACACTGACTGTAGACAAACCCTCCAGCACAGCCTACATGCAGCTCAGCAGCCTGACATCTGAGGACTCTGCGGTCTATTATTGCGCAAGATACGATTACTACGGTAGTAGCTACTTTGACTACTGGGGCCAAGGCACCACTCTCACAGTCTCCTCAGGTGAGTCCTTACAACCTCTCTCTTAAAAAAAAAAGGGGGGGGGG,[[]],,,,,0,0,0,0,0,0,,,,,True,False,True,"{'max': 385, 'best': 384, 'min': 384}","{'max': 11, 'best': 10, 'min': 10}",,,"{'j': ['IGHJ1-1*01'], 'd': ['IGHD1-1*01'], 'v': ['IGHV1-1*01']}",0.0024752475247524753
SRR2229754.1805,IGHV1-1*01,IGHD1-1*01,IGHJ1-1*01,367,0.0024752475247524753,1,AGGTCCAACTGTAGTAGCCTGGGGCTGAGCTTGTGAAGCCTGGGGCTTCAGTGAAGCTGTCCTGCAAGGCTTCTGGCTACACCTTCACCAGCTACTGGATGCACTGGGTGAAGCAGAGGCCTGGACGAGGCCTTGAGTGGATTGGAAGGATTGATCCTAATAGTGGTGGTACTAAGTACAATGAGAAGTTCAAGAGCAAGGCCACACTGACTGTAGACAACCCCTCCAGCACAGCCTACATGCAGCTCAGCAGCCTGACATCTGAGGACTCTGCGGTCTATTATTGCGCAAGATACGATTACTACGGTAGTAGCTACTTTGACTACTGGGGCCAAGGCACCACTCTCACAGTCTCCTCAGGTGAGTCCTTACAACCTCTCTCTTAAAAAAAAAAGGGGGGGGGG,,AGGTCCAACTGTAGTAGCCTGGGGCTGAGCTTGTGAAGCCTGGGGCTTCAGTGAAGCTGTCCTGCAAGGCTTCTGGCTACACCTTCACCAGCTACTGGATGCACTGGGTGAAGCAGAGGCCTGGACGAGGCCTTGAGTGGATTGGAAGGATTGATCCTAATAGTGGTGGTACTAAGTACAATGAGAAGTTCAAGAGCAAGGCCACACTGACTGTAGACAAACCCTCCAGCACAGCCTACATGCAGCTCAGCAGCCTGACATCTGAGGACTCTGCGGTCTATTATTGCGCAAGATACGATTACTACGGTAGTAGCTACTTTGACTACTGGGGCCAAGGCACCACTCTCACAGTCTCCTCAGGTGAGTCCTTACAACCTCTCTCTTAAAAAAAAAAGGGGGGGGGG,[[]],,,,,0,0,0,0,0,0,,,,,True,False,True,"{'max': 385, 'best': 384, 'min': 384}","{'max': 11, 'best': 10, 'min': 10}",,,"{'j': ['IGHJ1-1*01'], 'd': ['IGHD1-1*01'], 'v': ['IGHV1-1*01']}",0.0024752475247524753
SRR2229754.150,IGHV1-1*01,IGHD1-1*01,IGHJ1-1*01,367,0.0024752475247524753,1,AGGTCCAACTGTAGTAGCCTGGGGCTGAGCTTGTGAAGCCTGGGGCTTCAGTGAAGCTGTCCTGCAAGGCTTCTGGCTACACCTTCACCAGCTACTGGATGCACTGGGTGAAGCAGAGGCCTGGACGAGGCCTTGAGTGGATTGGAAGGATTGATCCTAATAGTGGTGGTACTAAGTACAATGAGAAGTTCAAGAGCAAGGCCACACTGACTGTAGACAAACCCTCCAGCACAGCCTACATGCAGCTCAGCAGCCTGACATCTGAGGACTCTGCGGTCTATTATTGCGCAAGATACGATTACTACGGTAGTAGCTACTTTGACTACTGGGGCCAAGGCACCACTCTCACAGTCTCCTCAGGTGATTCCTTACAACCTCTCTCTTAAAAAAAAAAGGGGGGGGGG,,AGGTCCAACTGTAGTAGCCTGGGGCTGAGCTTGTGAAGCCTGGGGCTTCAGTGAAGCTGTCCTGCAAGGCTTCTGGCTACACCTTCACCAGCTACTGGATGCACTGGGTGAAGCAGAGGCCTGGACGAGGCCTTGAGTGGATTGGAAGGATTGATCCTAATAGTGGTGGTACTAAGTACAATGAGAAGTTCAAGAGCAAGGCCACACTGACTGTAGACAAACCCTCCAGCACAGCCTACATGCAGCTCAGCAGCCTGACATCTGAGGACTCTGCGGTCTATTATTGCGCAAGATACGATTACTACGGTAGTAGCTACTTTGACTACTGGGGCCAAGGCACCACTCTCACAGTCTCCTCAGGTGAGTCCTTACAACCTCTCTCTTAAAAAAAAAAGGGGGGGGGG,[[]],,,,,0,0,0,0,0,0,,,,,True,False,True,"{'max': 385, 'best': 384, 'min': 384}","{'max': 11, 'best': 10, 'min': 10}",,,"{'j': ['IGHJ1-1*01'], 'd': ['IGHD1-1*01'], 'v': ['IGHV1-1*01']}",0.0024752475247524753
SRR2229754.1448,IGHV1-1*01,IGHD1-1*01,IGHJ1-1*01,367,0.0024752475247524753,1,AGGTCCAACTGTAGTAGCCTGGGGCTGAGCTTGTGAAGCCTGGGGCTTCAGTGAAGCTGTCCTGCAAGGCTTCTGGCTACACCTTCACCAGCTACTGGATGCACTGGGTGAAGCAGAGGCCTGGACGAGGCCTTGAGTGGATTGGAAGGATTGATCCTAATAGTGGTGGTACTAAGTACAATGAGAATTTCAAGAGCAAGGCCACACTGACTGTAGACAAACCCTCCAGCACAGCCTACATGCAGCTCAGCAGCCTGACATCTGAGGACTCTGCGGTCTATTATTGCGCAAGATACGATTACTACGGTAGTAGCTACTTTGACTACTGGGGCCAAGGCACCACTCTCACAGTCTCCTCAGGTGAGTCCTTACAACCTCTCTCTTAAAAAAAAAAGGGGGGGGGG,,AGGTCCAACTGTAGTAGCCTGGGGCTGAGCTTGTGAAGCCTGGGGCTTCAGTGAAGCTGTCCTGCAAGGCTTCTGGCTACACCTTCACCAGCTACTGGATGCACTGGGTGAAGCAGAGGCCTGGACGAGGCCTTGAGTGGATTGGAAGGATTGATCCTAATAGTGGTGGTACTAAGTACAATGAGAAGTTCAAGAGCAAGGCCACACTGACTGTAGACAAACCCTCCAGCACAGCCTACATGCAGCTCAGCAGCCTGACATCTGAGGACTCTGCGGTCTATTATTGCGCAAGATACGATTACTACGGTAGTAGCTACTTTGACTACTGGGGCCAAGGCACCACTCTCACAGTCTCCTCAGGTGAGTCCTTACAACCTCTCTCTTAAAAAAAAAAGGGGGGGGGG,[[]],,,,,0,0,0,0,0,0,,,,,True,False,True,"{'max': 385, 'best': 384, 'min': 384}","{'max': 11, 'best': 10, 'min': 10}",,,"{'j': ['IGHJ1-1*01'], 'd': ['IGHD1-1*01'], 'v': ['IGHV1-1*01']}",0.0024752475247524753
SRR2229754.1356,IGHV1-1*01,IGHD1-1*01,IGHJ1-1*01,367,0.0024752475247524753,1,AGGTCCAACTGTAGTAGCCTGGGGCTGAGCTTGTGAAGCCTGGGGCTTCAGTGAAGCTGTCCTGCAAGGCTTCTGGCTACACCTTCACCAGCTACTAGATGCACTGGGTGAAGCAGAGGCCTGGACGAGGCCTTGAGTGGATTGGAAGGATTGATCCTAATAGTGGTGGTACTAAGTACAATGAGAAGTTCAAGAGCAAGGCCACACTGACTGTAGACAAACCCTCCAGCACAGCCTACATGCAGCTCAGCAGCCTGACATCTGAGGACTCTGCGGTCTATTATTGCGCAAGATACGATTACTACGGTAGTAGCTACTTTGACTACTGGGGCCAAGGCACCACTCTCACAGTCTCCTCAGGTGAGTCCTTACAACCTCTCTCTTAAAAAAAAAAGGGGGGGGGG,,AGGTCCAACTGTAGTAGCCTGGGGCTGAGCTTGTGAAGCCTGGGGCTTCAGTGAAGCTGTCCTGCAAGGCTTCTGGCTACACCTTCACCAGCTACTGGATGCACTGGGTGAAGCAGAGGCCTGGACGAGGCCTTGAGTGGATTGGAAGGATTGATCCTAATAGTGGTGGTACTAAGTACAATGAGAAGTTCAAGAGCAAGGCCACACTGACTGTAGACAAACCCTCCAGCACAGCCTACATGCAGCTCAGCAGCCTGACATCTGAGGACTCTGCGGTCTATTATTGCGCAAGATACGATTACTACGGTAGTAGCTACTTTGACTACTGGGGCCAAGGCACCACTCTCACAGTCTCCTCAGGTGAGTCCTTACAACCTCTCTCTTAAAAAAAAAAGGGGGGGGGG,[[]],,,,,0,0,0,0,0,0,,,,,True,False,True,"{'max': 385, 'best': 384, 'min': 384}","{'max': 11, 'best': 10, 'min': 10}",,,"{'j': ['IGHJ1-1*01'], 'd': ['IGHD1-1*01'], 'v': ['IGHV1-1*01']}",0.0024752475247524753
SRR2229754.4024,IGHV1-1*01,IGHD1-1*01,IGHJ1-1*01,367,0.0024752475247524753,1,AGGTCCAACTGTAGTAGCCTGGGGCTGAGCTTGTGAAGCCTGGGGCTTCAGTGAAGCTGTCCTGCAAGGCTTCTGGCTACACCTTCACCAGCTACTGGATGCACTGGGTGAAGCAGAGGCCTGGACGAGGCCTTGAGTGGATTGGAAGGATTGATCCTAATAGTGGTGGTACTAAGTACAATGAGAAGTTCAAGAGCAAGGCCACACTGACTGTAGACAAACCCTCCAGCACAGCCTACATGCAGCTCAGCAGCCTGACATCTGAGAACTCTGCGGTCTATTATTGCGCAAGATACGATTACTACGGTAGTAGCTACTTTGACTACTGGGGCCAAGGCACCACTCTCACAGTCTCCTCAGGTGAGTCCTTACAACCTCTCTCTTAAAAAAAAAAGGGGGGGGGG,,AGGTCCAACTGTAGTAGCCTGGGGCTGAGCTTGTGAAGCCTGGGGCTTCAGTGAAGCTGTCCTGCAAGGCTTCTGGCTACACCTTCACCAGCTACTGGATGCACTGGGTGAAGCAGAGGCCTGGACGAGGCCTTGAGTGGATTGGAAGGATTGATCCTAATAGTGGTGGTACTAAGTACAATGAGAAGTTCAAGAGCAAGGCCACACTGACTGTAGACAAACCCTCCAGCACAGCCTACATGCAGCTCAGCAGCCTGACATCTGAGGACTCTGCGGTCTATTATTGCGCAAGATACGATTACTACGGTAGTAGCTACTTTGACTACTGGGGCCAAGGCACCACTCTCACAGTCTCCTCAGGTGAGTCCTTACAACCTCTCTCTTAAAAAAAAAAGGGGGGGGGG,[[]],,,,,0,0,0,0,0,0,,,,,True,False,True,"{'max': 385, 'best': 384, 'min': 384}","{'max': 11, 'best': 10, 'min': 10}",,,"{'j': ['IGHJ1-1*01'], 'd': ['IGHD1-1*01'], 'v': ['IGHV1-1*01']}",0.0024752475247524753
SRR2229754.3044,IGHV1-1*01,IGHD1-1*01,IGHJ1-1*01,367,0.0024752475247524753,1,AGGTCCAACTGTAGTAGCCTGGGGCTGAGCTTGTGAAGCCTGGGGCTTCAGTGAAGCTGTCCTGCAAGGCTTCTGGCTACACCTTCACCAGCTACTGGATGCACTGGGTGAAGCAGAGGCCTGGACGAGGCCTTGAGTGGATTGGAAGGATTGATCCTAATAGTTGTGGTACTAAGTACAATGAGAAGTTCAAGAGCAAGGCCACACTGACTGTAGACAAACCCTCCAGCACAGCCTACATGCAGCTCAGCAGCCTGACATCTGAGGACTCTGCGGTCTATTATTGCGCAAGATACGATTACTACGGTAGTAGCTACTTTGACTACTGGGGCCAAGGCACCACTCTCACAGTCTCCTCAGGTGAGTCCTTACAACCTCTCTCTTAAAAAAAAAAGGGGGGGGGG,,AGGTCCAACTGTAGTAGCCTGGGGCTGAGCTTGTGAAGCCTGGGGCTTCAGTGAAGCTGTCCTGCAAGGCTTCTGGCTACACCTTCACCAGCTACTGGATGCACTGGGTGAAGCAGAGGCCTGGACGAGGCCTTGAGTGGATTGGAAGGATTGATCCTAATAGTGGTGGTACTAAGTACAATGAGAAGTTCAAGAGCAAGGCCACACTGACTGTAGACAAACCCTCCAGCACAGCCTACATGCAGCTCAGCAGCCTGACATCTGAGGACTCTGCGGTCTATTATTGCGCAAGATACGATTACTACGGTAGTAGCTACTTTGACTACTGGGGCCAAGGCACCACTCTCACAGTCTCCTCAGGTGAGTCCTTACAACCTCTCTCTTAAAAAAAAAAGGGGGGGGGG,[[]],,,,,0,0,0,0,0,0,,,,,True,False,True,"{'max': 385, 'best': 384, 'min': 384}","{'max': 11, 'best': 10, 'min': 10}",,,"{'j': ['IGHJ1-1*01'], 'd': ['IGHD1-1*01'], 'v': ['IGHV1-1*01']}",0.0024752475247524753
SRR2229754.1913,IGHV1-1*01,IGHD1-1*01,IGHJ1-1*01,367,0.0024752475247524753,1,AGGTCCAACTGTAGTAGCCTGGGGCTGAGCTTGTGAAGCCTGGGGCTTCAGTGAAGCTGTCCTGCAAGGCTTCTGGCTACACCTTCACCAGCTACTGGATGCACTGGGTGAAGCAGAGGCCTGGACGAGGCCTTGAGTGGATTGGAAGGATTGATCCTAATAGTGGTGGTACTAAGTACAATGAGAAGTTCAAGAGCAAGGCCACACTGACTGTAGACAAACCCTCCAGCACAGCCTACATGCAGCTCAGCAGCCTGACATCGGAGGACTCTGCGGTCTATTATTGCGCAAGATACGATTACTACGGTAGTAGCTACTTTGACTACTGGGGCCAAGGCACCACTCTCACAGTCTCCTCAGGTGAGTCCTTACAACCTCTCTCTTAAAAAAAAAAGGGGGGGGGG,,AGGTCCAACTGTAGTAGCCTGGGGCTGAGCTTGTGAAGCCTGGGGCTTCAGTGAAGCTGTCCTGCAAGGCTTCTGGCTACACCTTCACCAGCTACTGGATGCACTGGGTGAAGCAGAGGCCTGGACGAGGCCTTGAGTGGATTGGAAGGATTGATCCTAATAGTGGTGGTACTAAGTACAATGAGAAGTTCAAGAGCAAGGCCACACTGACTGTAGACAAACCCTCCAGCACAGCCTACATGCAGCTCAGCAGCCTGACATCTGAGGACTCTGCGGTCTATTATTGCGCAAGATACGATTACTACGGTAGTAGCTACTTTGACTACTGGGGCCAAGGCACCACTCTCACAGTCTCCTCAGGTGAGTCCTTACAACCTCTCTCTTAAAAAAAAAAGGGGGGGGGG,[[]],,,,,0,0,0,0,0,0,,,,,True,False,True,"{'max': 385, 'best': 384, 'min': 384}","{'max': 11, 'best': 10, 'min': 10}",,,"{'j': ['IGHJ1-1*01'], 'd': ['IGHD1-1*01'], 'v': ['IGHV1-1*01']}",0.0024752475247524753
